YearStart,YearEnd,LocationAbbr,LocationDesc,Topic,Question,feature_name,DataValueType,DataValue,LowConfidenceLimit,HighConfidenceLimit,StratificationCategory1,Stratification1
2019,2019,AK,Alaska,Tobacco,Current cigarette smoking among adults,current_smoking_adults,Age-adjusted Prevalence,17.6,15.4,20.0,Overall,Overall
2019,2019,AK,Alaska,Diabetes,Diabetes among adults,diabetes_adults,Age-adjusted Prevalence,7.2,6.1,8.5,Overall,Overall
2019,2019,AK,Alaska,Cardiovascular Disease,High blood pressure among adults,high_blood_pressure_adults,Age-adjusted Prevalence,50.0,46.7,53.4,Overall,Overall
2019,2019,AK,Alaska,Cardiovascular Disease,High cholesterol among adults who have been screened,high_cholesterol_screened_adults,Age-adjusted Prevalence,25.6,23.4,27.8,Overall,Overall
2019,2019,AK,Alaska,Social Determinants of Health,Lack of health insurance among adults aged 18-64 years,lack_health_insurance_adults_18_64,Age-adjusted Prevalence,11.7,9.7,14.1,Overall,Overall
2019,2019,AK,Alaska,"Nutrition, Physical Activity, and Weight Status",No leisure-time physical activity among adults,no_leisure_physical_activity_adults,Age-adjusted Prevalence,21.6,19.2,24.2,Overall,Overall
2019,2019,AK,Alaska,"Nutrition, Physical Activity, and Weight Status",Obesity among adults,obesity_adults,Age-adjusted Prevalence,30.7,28.0,33.6,Overall,Overall
2019,2019,AK,Alaska,Social Determinants of Health,Routine checkup within the past year among adults,routine_checkup_past_year_adults,Age-adjusted Prevalence,70.3,67.5,72.9,Overall,Overall
2020,2020,AK,Alaska,Tobacco,Current cigarette smoking among adults,current_smoking_adults,Age-adjusted Prevalence,18.0,16.1,20.0,Overall,Overall
2020,2020,AK,Alaska,Diabetes,Diabetes among adults,diabetes_adults,Age-adjusted Prevalence,7.4,6.4,8.6,Overall,Overall
2020,2020,AK,Alaska,Social Determinants of Health,Lack of health insurance among adults aged 18-64 years,lack_health_insurance_adults_18_64,Age-adjusted Prevalence,12.8,11.0,14.8,Overall,Overall
2020,2020,AK,Alaska,"Nutrition, Physical Activity, and Weight Status",No leisure-time physical activity among adults,no_leisure_physical_activity_adults,Age-adjusted Prevalence,21.1,19.1,23.3,Overall,Overall
2020,2020,AK,Alaska,"Nutrition, Physical Activity, and Weight Status",Obesity among adults,obesity_adults,Age-adjusted Prevalence,31.8,29.4,34.4,Overall,Overall
2020,2020,AK,Alaska,Social Determinants of Health,Routine checkup within the past year among adults,routine_checkup_past_year_adults,Age-adjusted Prevalence,64.3,61.8,66.7,Overall,Overall
2021,2021,AK,Alaska,Tobacco,Current cigarette smoking among adults,current_smoking_adults,Age-adjusted Prevalence,17.2,15.6,18.9,Overall,Overall
2021,2021,AK,Alaska,Diabetes,Diabetes among adults,diabetes_adults,Age-adjusted Prevalence,8.1,7.2,9.2,Overall,Overall
2021,2021,AK,Alaska,Cardiovascular Disease,High blood pressure among adults,high_blood_pressure_adults,Age-adjusted Prevalence,47.2,44.8,49.6,Overall,Overall
2021,2021,AK,Alaska,Cardiovascular Disease,High cholesterol among adults who have been screened,high_cholesterol_screened_adults,Age-adjusted Prevalence,28.4,26.4,30.5,Overall,Overall
2021,2021,AK,Alaska,Social Determinants of Health,Lack of health insurance among adults aged 18-64 years,lack_health_insurance_adults_18_64,Age-adjusted Prevalence,10.8,9.3,12.6,Overall,Overall
2021,2021,AK,Alaska,"Nutrition, Physical Activity, and Weight Status",No leisure-time physical activity among adults,no_leisure_physical_activity_adults,Age-adjusted Prevalence,20.0,18.5,21.7,Overall,Overall
2021,2021,AK,Alaska,"Nutrition, Physical Activity, and Weight Status",Obesity among adults,obesity_adults,Age-adjusted Prevalence,33.4,31.5,35.5,Overall,Overall
2021,2021,AK,Alaska,Social Determinants of Health,Routine checkup within the past year among adults,routine_checkup_past_year_adults,Age-adjusted Prevalence,63.3,61.2,65.3,Overall,Overall
2022,2022,AK,Alaska,Tobacco,Current cigarette smoking among adults,current_smoking_adults,Age-adjusted Prevalence,16.2,14.9,17.6,Overall,Overall
2022,2022,AK,Alaska,Diabetes,Diabetes among adults,diabetes_adults,Age-adjusted Prevalence,8.5,7.6,9.4,Overall,Overall
2022,2022,AK,Alaska,Social Determinants of Health,Lack of health insurance among adults aged 18-64 years,lack_health_insurance_adults_18_64,Age-adjusted Prevalence,9.9,8.6,11.3,Overall,Overall
2022,2022,AK,Alaska,"Nutrition, Physical Activity, and Weight Status",No leisure-time physical activity among adults,no_leisure_physical_activity_adults,Age-adjusted Prevalence,21.3,19.8,22.9,Overall,Overall
2022,2022,AK,Alaska,"Nutrition, Physical Activity, and Weight Status",Obesity among adults,obesity_adults,Age-adjusted Prevalence,32.3,30.6,34.2,Overall,Overall
2022,2022,AK,Alaska,Social Determinants of Health,Routine checkup within the past year among adults,routine_checkup_past_year_adults,Age-adjusted Prevalence,69.3,67.6,71.0,Overall,Overall
2019,2019,AL,Alabama,Tobacco,Current cigarette smoking among adults,current_smoking_adults,Age-adjusted Prevalence,21.3,19.9,22.8,Overall,Overall
2019,2019,AL,Alabama,Diabetes,Diabetes among adults,diabetes_adults,Age-adjusted Prevalence,12.4,11.5,13.2,Overall,Overall
2019,2019,AL,Alabama,Cardiovascular Disease,High blood pressure among adults,high_blood_pressure_adults,Age-adjusted Prevalence,60.1,58.4,61.7,Overall,Overall
2019,2019,AL,Alabama,Cardiovascular Disease,High cholesterol among adults who have been screened,high_cholesterol_screened_adults,Age-adjusted Prevalence,32.1,30.6,33.6,Overall,Overall
2019,2019,AL,Alabama,Social Determinants of Health,Lack of health insurance among adults aged 18-64 years,lack_health_insurance_adults_18_64,Age-adjusted Prevalence,18.0,16.4,19.7,Overall,Overall
2019,2019,AL,Alabama,"Nutrition, Physical Activity, and Weight Status",No leisure-time physical activity among adults,no_leisure_physical_activity_adults,Age-adjusted Prevalence,30.8,29.3,32.4,Overall,Overall
2019,2019,AL,Alabama,"Nutrition, Physical Activity, and Weight Status",Obesity among adults,obesity_adults,Age-adjusted Prevalence,36.3,34.7,38.0,Overall,Overall
2019,2019,AL,Alabama,Social Determinants of Health,Routine checkup within the past year among adults,routine_checkup_past_year_adults,Age-adjusted Prevalence,76.8,75.3,78.2,Overall,Overall
2020,2020,AL,Alabama,Tobacco,Current cigarette smoking among adults,current_smoking_adults,Age-adjusted Prevalence,19.5,17.9,21.1,Overall,Overall
2020,2020,AL,Alabama,Diabetes,Diabetes among adults,diabetes_adults,Age-adjusted Prevalence,13.1,12.1,14.3,Overall,Overall
2020,2020,AL,Alabama,Social Determinants of Health,Lack of health insurance among adults aged 18-64 years,lack_health_insurance_adults_18_64,Age-adjusted Prevalence,17.9,16.3,19.8,Overall,Overall
2020,2020,AL,Alabama,"Nutrition, Physical Activity, and Weight Status",No leisure-time physical activity among adults,no_leisure_physical_activity_adults,Age-adjusted Prevalence,27.8,26.2,29.5,Overall,Overall
2020,2020,AL,Alabama,"Nutrition, Physical Activity, and Weight Status",Obesity among adults,obesity_adults,Age-adjusted Prevalence,39.3,37.4,41.1,Overall,Overall
2020,2020,AL,Alabama,Social Determinants of Health,Routine checkup within the past year among adults,routine_checkup_past_year_adults,Age-adjusted Prevalence,74.7,73.0,76.4,Overall,Overall
2021,2021,AL,Alabama,Tobacco,Current cigarette smoking among adults,current_smoking_adults,Age-adjusted Prevalence,17.9,16.2,19.6,Overall,Overall
2021,2021,AL,Alabama,Diabetes,Diabetes among adults,diabetes_adults,Age-adjusted Prevalence,13.5,12.3,14.8,Overall,Overall
2021,2021,AL,Alabama,Cardiovascular Disease,High blood pressure among adults,high_blood_pressure_adults,Age-adjusted Prevalence,60.0,57.9,62.2,Overall,Overall
2021,2021,AL,Alabama,Cardiovascular Disease,High cholesterol among adults who have been screened,high_cholesterol_screened_adults,Age-adjusted Prevalence,33.8,31.8,35.8,Overall,Overall
2021,2021,AL,Alabama,Social Determinants of Health,Lack of health insurance among adults aged 18-64 years,lack_health_insurance_adults_18_64,Age-adjusted Prevalence,13.4,11.7,15.4,Overall,Overall
2021,2021,AL,Alabama,"Nutrition, Physical Activity, and Weight Status",No leisure-time physical activity among adults,no_leisure_physical_activity_adults,Age-adjusted Prevalence,29.9,28.2,31.7,Overall,Overall
2021,2021,AL,Alabama,"Nutrition, Physical Activity, and Weight Status",Obesity among adults,obesity_adults,Age-adjusted Prevalence,40.6,38.6,42.7,Overall,Overall
2021,2021,AL,Alabama,Social Determinants of Health,Routine checkup within the past year among adults,routine_checkup_past_year_adults,Age-adjusted Prevalence,76.2,74.3,77.9,Overall,Overall
2022,2022,AL,Alabama,Tobacco,Current cigarette smoking among adults,current_smoking_adults,Age-adjusted Prevalence,16.2,14.6,18.0,Overall,Overall
2022,2022,AL,Alabama,Diabetes,Diabetes among adults,diabetes_adults,Age-adjusted Prevalence,13.6,12.4,14.9,Overall,Overall
2022,2022,AL,Alabama,Social Determinants of Health,Lack of health insurance among adults aged 18-64 years,lack_health_insurance_adults_18_64,Age-adjusted Prevalence,13.1,11.2,15.3,Overall,Overall
2022,2022,AL,Alabama,"Nutrition, Physical Activity, and Weight Status",No leisure-time physical activity among adults,no_leisure_physical_activity_adults,Age-adjusted Prevalence,27.8,26.0,29.7,Overall,Overall
2022,2022,AL,Alabama,"Nutrition, Physical Activity, and Weight Status",Obesity among adults,obesity_adults,Age-adjusted Prevalence,38.4,36.3,40.5,Overall,Overall
2022,2022,AL,Alabama,Social Determinants of Health,Routine checkup within the past year among adults,routine_checkup_past_year_adults,Age-adjusted Prevalence,77.2,75.1,79.1,Overall,Overall
2019,2019,AR,Arkansas,Tobacco,Current cigarette smoking among adults,current_smoking_adults,Age-adjusted Prevalence,21.2,19.4,23.1,Overall,Overall
2019,2019,AR,Arkansas,Diabetes,Diabetes among adults,diabetes_adults,Age-adjusted Prevalence,12.3,11.2,13.4,Overall,Overall
2019,2019,AR,Arkansas,Cardiovascular Disease,High blood pressure among adults,high_blood_pressure_adults,Age-adjusted Prevalence,58.1,56.1,60.1,Overall,Overall
2019,2019,AR,Arkansas,Cardiovascular Disease,High cholesterol among adults who have been screened,high_cholesterol_screened_adults,Age-adjusted Prevalence,32.3,30.4,34.2,Overall,Overall
2019,2019,AR,Arkansas,Social Determinants of Health,Lack of health insurance among adults aged 18-64 years,lack_health_insurance_adults_18_64,Age-adjusted Prevalence,17.2,15.3,19.4,Overall,Overall
2019,2019,AR,Arkansas,"Nutrition, Physical Activity, and Weight Status",No leisure-time physical activity among adults,no_leisure_physical_activity_adults,Age-adjusted Prevalence,30.4,28.6,32.4,Overall,Overall
2019,2019,AR,Arkansas,"Nutrition, Physical Activity, and Weight Status",Obesity among adults,obesity_adults,Age-adjusted Prevalence,38.0,35.9,40.2,Overall,Overall
2019,2019,AR,Arkansas,Social Determinants of Health,Routine checkup within the past year among adults,routine_checkup_past_year_adults,Age-adjusted Prevalence,77.9,76.0,79.7,Overall,Overall
2020,2020,AR,Arkansas,Tobacco,Current cigarette smoking among adults,current_smoking_adults,Age-adjusted Prevalence,21.6,19.8,23.4,Overall,Overall
2020,2020,AR,Arkansas,Diabetes,Diabetes among adults,diabetes_adults,Age-adjusted Prevalence,11.9,10.9,13.0,Overall,Overall
2020,2020,AR,Arkansas,Social Determinants of Health,Lack of health insurance among adults aged 18-64 years,lack_health_insurance_adults_18_64,Age-adjusted Prevalence,15.1,13.3,17.1,Overall,Overall
2020,2020,AR,Arkansas,"Nutrition, Physical Activity, and Weight Status",No leisure-time physical activity among adults,no_leisure_physical_activity_adults,Age-adjusted Prevalence,28.8,27.0,30.6,Overall,Overall
2020,2020,AR,Arkansas,"Nutrition, Physical Activity, and Weight Status",Obesity among adults,obesity_adults,Age-adjusted Prevalence,37.2,35.1,39.3,Overall,Overall
2020,2020,AR,Arkansas,Social Determinants of Health,Routine checkup within the past year among adults,routine_checkup_past_year_adults,Age-adjusted Prevalence,74.4,72.4,76.3,Overall,Overall
2021,2021,AR,Arkansas,Tobacco,Current cigarette smoking among adults,current_smoking_adults,Age-adjusted Prevalence,21.9,20.1,23.9,Overall,Overall
2021,2021,AR,Arkansas,Diabetes,Diabetes among adults,diabetes_adults,Age-adjusted Prevalence,11.0,10.0,12.0,Overall,Overall
2021,2021,AR,Arkansas,Cardiovascular Disease,High blood pressure among adults,high_blood_pressure_adults,Age-adjusted Prevalence,57.2,55.2,59.2,Overall,Overall
2021,2021,AR,Arkansas,Cardiovascular Disease,High cholesterol among adults who have been screened,high_cholesterol_screened_adults,Age-adjusted Prevalence,31.8,29.9,33.7,Overall,Overall
2021,2021,AR,Arkansas,Social Determinants of Health,Lack of health insurance among adults aged 18-64 years,lack_health_insurance_adults_18_64,Age-adjusted Prevalence,11.1,9.4,13.1,Overall,Overall
2021,2021,AR,Arkansas,"Nutrition, Physical Activity, and Weight Status",No leisure-time physical activity among adults,no_leisure_physical_activity_adults,Age-adjusted Prevalence,29.5,27.6,31.5,Overall,Overall
2021,2021,AR,Arkansas,"Nutrition, Physical Activity, and Weight Status",Obesity among adults,obesity_adults,Age-adjusted Prevalence,39.3,37.0,41.6,Overall,Overall
2021,2021,AR,Arkansas,Social Determinants of Health,Routine checkup within the past year among adults,routine_checkup_past_year_adults,Age-adjusted Prevalence,75.7,73.7,77.6,Overall,Overall
2022,2022,AR,Arkansas,Tobacco,Current cigarette smoking among adults,current_smoking_adults,Age-adjusted Prevalence,19.9,18.4,21.6,Overall,Overall
2022,2022,AR,Arkansas,Diabetes,Diabetes among adults,diabetes_adults,Age-adjusted Prevalence,14.1,13.0,15.3,Overall,Overall
2022,2022,AR,Arkansas,Social Determinants of Health,Lack of health insurance among adults aged 18-64 years,lack_health_insurance_adults_18_64,Age-adjusted Prevalence,,,,Overall,Overall
2022,2022,AR,Arkansas,"Nutrition, Physical Activity, and Weight Status",No leisure-time physical activity among adults,no_leisure_physical_activity_adults,Age-adjusted Prevalence,30.2,28.5,32.0,Overall,Overall
2022,2022,AR,Arkansas,"Nutrition, Physical Activity, and Weight Status",Obesity among adults,obesity_adults,Age-adjusted Prevalence,37.9,35.9,39.9,Overall,Overall
2022,2022,AR,Arkansas,Social Determinants of Health,Routine checkup within the past year among adults,routine_checkup_past_year_adults,Age-adjusted Prevalence,,,,Overall,Overall
2019,2019,AZ,Arizona,Tobacco,Current cigarette smoking among adults,current_smoking_adults,Age-adjusted Prevalence,15.5,14.1,17.1,Overall,Overall
2019,2019,AZ,Arizona,Diabetes,Diabetes among adults,diabetes_adults,Age-adjusted Prevalence,9.9,8.9,10.9,Overall,Overall
2019,2019,AZ,Arizona,Cardiovascular Disease,High blood pressure among adults,high_blood_pressure_adults,Age-adjusted Prevalence,48.0,46.0,50.1,Overall,Overall
2019,2019,AZ,Arizona,Cardiovascular Disease,High cholesterol among adults who have been screened,high_cholesterol_screened_adults,Age-adjusted Prevalence,29.8,28.1,31.5,Overall,Overall
2019,2019,AZ,Arizona,Social Determinants of Health,Lack of health insurance among adults aged 18-64 years,lack_health_insurance_adults_18_64,Age-adjusted Prevalence,19.0,17.1,21.0,Overall,Overall
2019,2019,AZ,Arizona,"Nutrition, Physical Activity, and Weight Status",No leisure-time physical activity among adults,no_leisure_physical_activity_adults,Age-adjusted Prevalence,23.6,22.0,25.4,Overall,Overall
2019,2019,AZ,Arizona,"Nutrition, Physical Activity, and Weight Status",Obesity among adults,obesity_adults,Age-adjusted Prevalence,31.9,30.1,33.8,Overall,Overall
2019,2019,AZ,Arizona,Social Determinants of Health,Routine checkup within the past year among adults,routine_checkup_past_year_adults,Age-adjusted Prevalence,71.6,69.8,73.4,Overall,Overall
2020,2020,AZ,Arizona,Tobacco,Current cigarette smoking among adults,current_smoking_adults,Age-adjusted Prevalence,13.7,12.7,14.7,Overall,Overall
2020,2020,AZ,Arizona,Diabetes,Diabetes among adults,diabetes_adults,Age-adjusted Prevalence,9.9,9.1,10.7,Overall,Overall
2020,2020,AZ,Arizona,Social Determinants of Health,Lack of health insurance among adults aged 18-64 years,lack_health_insurance_adults_18_64,Age-adjusted Prevalence,18.7,17.4,20.2,Overall,Overall
2020,2020,AZ,Arizona,"Nutrition, Physical Activity, and Weight Status",No leisure-time physical activity among adults,no_leisure_physical_activity_adults,Age-adjusted Prevalence,21.6,20.5,22.8,Overall,Overall
2020,2020,AZ,Arizona,"Nutrition, Physical Activity, and Weight Status",Obesity among adults,obesity_adults,Age-adjusted Prevalence,31.5,30.1,33.0,Overall,Overall
2020,2020,AZ,Arizona,Social Determinants of Health,Routine checkup within the past year among adults,routine_checkup_past_year_adults,Age-adjusted Prevalence,70.6,69.2,71.9,Overall,Overall
2021,2021,AZ,Arizona,Tobacco,Current cigarette smoking among adults,current_smoking_adults,Age-adjusted Prevalence,13.5,12.5,14.6,Overall,Overall
2021,2021,AZ,Arizona,Diabetes,Diabetes among adults,diabetes_adults,Age-adjusted Prevalence,9.8,9.1,10.6,Overall,Overall
2021,2021,AZ,Arizona,Cardiovascular Disease,High blood pressure among adults,high_blood_pressure_adults,Age-adjusted Prevalence,45.2,43.6,46.8,Overall,Overall
2021,2021,AZ,Arizona,Cardiovascular Disease,High cholesterol among adults who have been screened,high_cholesterol_screened_adults,Age-adjusted Prevalence,30.8,29.5,32.2,Overall,Overall
2021,2021,AZ,Arizona,Social Determinants of Health,Lack of health insurance among adults aged 18-64 years,lack_health_insurance_adults_18_64,Age-adjusted Prevalence,12.9,11.8,14.2,Overall,Overall
2021,2021,AZ,Arizona,"Nutrition, Physical Activity, and Weight Status",No leisure-time physical activity among adults,no_leisure_physical_activity_adults,Age-adjusted Prevalence,22.1,20.9,23.3,Overall,Overall
2021,2021,AZ,Arizona,"Nutrition, Physical Activity, and Weight Status",Obesity among adults,obesity_adults,Age-adjusted Prevalence,31.8,30.4,33.2,Overall,Overall
2021,2021,AZ,Arizona,Social Determinants of Health,Routine checkup within the past year among adults,routine_checkup_past_year_adults,Age-adjusted Prevalence,68.6,67.2,69.9,Overall,Overall
2022,2022,AZ,Arizona,Tobacco,Current cigarette smoking among adults,current_smoking_adults,Age-adjusted Prevalence,13.1,11.9,14.4,Overall,Overall
2022,2022,AZ,Arizona,Diabetes,Diabetes among adults,diabetes_adults,Age-adjusted Prevalence,11.4,10.4,12.4,Overall,Overall
2022,2022,AZ,Arizona,Social Determinants of Health,Lack of health insurance among adults aged 18-64 years,lack_health_insurance_adults_18_64,Age-adjusted Prevalence,14.0,12.5,15.7,Overall,Overall
2022,2022,AZ,Arizona,"Nutrition, Physical Activity, and Weight Status",No leisure-time physical activity among adults,no_leisure_physical_activity_adults,Age-adjusted Prevalence,22.6,21.2,24.1,Overall,Overall
2022,2022,AZ,Arizona,"Nutrition, Physical Activity, and Weight Status",Obesity among adults,obesity_adults,Age-adjusted Prevalence,33.5,31.8,35.3,Overall,Overall
2022,2022,AZ,Arizona,Social Determinants of Health,Routine checkup within the past year among adults,routine_checkup_past_year_adults,Age-adjusted Prevalence,71.3,69.6,72.8,Overall,Overall
2019,2019,CA,California,Tobacco,Current cigarette smoking among adults,current_smoking_adults,Age-adjusted Prevalence,10.2,9.4,10.9,Overall,Overall
2019,2019,CA,California,Diabetes,Diabetes among adults,diabetes_adults,Age-adjusted Prevalence,9.5,8.9,10.2,Overall,Overall
2019,2019,CA,California,Cardiovascular Disease,High blood pressure among adults,high_blood_pressure_adults,Age-adjusted Prevalence,43.8,42.2,45.3,Overall,Overall
2019,2019,CA,California,Cardiovascular Disease,High cholesterol among adults who have been screened,high_cholesterol_screened_adults,Age-adjusted Prevalence,27.7,26.7,28.8,Overall,Overall
2019,2019,CA,California,Social Determinants of Health,Lack of health insurance among adults aged 18-64 years,lack_health_insurance_adults_18_64,Age-adjusted Prevalence,15.2,14.3,16.1,Overall,Overall
2019,2019,CA,California,"Nutrition, Physical Activity, and Weight Status",No leisure-time physical activity among adults,no_leisure_physical_activity_adults,Age-adjusted Prevalence,22.3,21.3,23.3,Overall,Overall
2019,2019,CA,California,"Nutrition, Physical Activity, and Weight Status",Obesity among adults,obesity_adults,Age-adjusted Prevalence,26.2,25.2,27.3,Overall,Overall
2019,2019,CA,California,Social Determinants of Health,Routine checkup within the past year among adults,routine_checkup_past_year_adults,Age-adjusted Prevalence,71.0,69.9,72.1,Overall,Overall
2020,2020,CA,California,Tobacco,Current cigarette smoking among adults,current_smoking_adults,Age-adjusted Prevalence,9.0,7.9,10.3,Overall,Overall
2020,2020,CA,California,Diabetes,Diabetes among adults,diabetes_adults,Age-adjusted Prevalence,9.3,8.3,10.5,Overall,Overall
2020,2020,CA,California,Social Determinants of Health,Lack of health insurance among adults aged 18-64 years,lack_health_insurance_adults_18_64,Age-adjusted Prevalence,13.0,11.7,14.6,Overall,Overall
2020,2020,CA,California,"Nutrition, Physical Activity, and Weight Status",No leisure-time physical activity among adults,no_leisure_physical_activity_adults,Age-adjusted Prevalence,21.1,19.5,22.8,Overall,Overall
2020,2020,CA,California,"Nutrition, Physical Activity, and Weight Status",Obesity among adults,obesity_adults,Age-adjusted Prevalence,30.2,28.2,32.2,Overall,Overall
2020,2020,CA,California,Social Determinants of Health,Routine checkup within the past year among adults,routine_checkup_past_year_adults,Age-adjusted Prevalence,64.9,63.0,66.8,Overall,Overall
2021,2021,CA,California,Tobacco,Current cigarette smoking among adults,current_smoking_adults,Age-adjusted Prevalence,8.8,8.0,9.8,Overall,Overall
2021,2021,CA,California,Diabetes,Diabetes among adults,diabetes_adults,Age-adjusted Prevalence,10.9,10.0,12.0,Overall,Overall
2021,2021,CA,California,Cardiovascular Disease,High blood pressure among adults,high_blood_pressure_adults,Age-adjusted Prevalence,43.7,41.6,45.8,Overall,Overall
2021,2021,CA,California,Cardiovascular Disease,High cholesterol among adults who have been screened,high_cholesterol_screened_adults,Age-adjusted Prevalence,31.0,29.5,32.5,Overall,Overall
2021,2021,CA,California,Social Determinants of Health,Lack of health insurance among adults aged 18-64 years,lack_health_insurance_adults_18_64,Age-adjusted Prevalence,10.3,9.3,11.4,Overall,Overall
2021,2021,CA,California,"Nutrition, Physical Activity, and Weight Status",No leisure-time physical activity among adults,no_leisure_physical_activity_adults,Age-adjusted Prevalence,19.9,18.6,21.2,Overall,Overall
2021,2021,CA,California,"Nutrition, Physical Activity, and Weight Status",Obesity among adults,obesity_adults,Age-adjusted Prevalence,27.8,26.4,29.4,Overall,Overall
2021,2021,CA,California,Social Determinants of Health,Routine checkup within the past year among adults,routine_checkup_past_year_adults,Age-adjusted Prevalence,63.0,61.5,64.6,Overall,Overall
2022,2022,CA,California,Tobacco,Current cigarette smoking among adults,current_smoking_adults,Age-adjusted Prevalence,9.9,9.0,10.9,Overall,Overall
2022,2022,CA,California,Diabetes,Diabetes among adults,diabetes_adults,Age-adjusted Prevalence,10.7,9.8,11.6,Overall,Overall
2022,2022,CA,California,Social Determinants of Health,Lack of health insurance among adults aged 18-64 years,lack_health_insurance_adults_18_64,Age-adjusted Prevalence,8.5,7.7,9.5,Overall,Overall
2022,2022,CA,California,"Nutrition, Physical Activity, and Weight Status",No leisure-time physical activity among adults,no_leisure_physical_activity_adults,Age-adjusted Prevalence,21.6,20.5,22.9,Overall,Overall
2022,2022,CA,California,"Nutrition, Physical Activity, and Weight Status",Obesity among adults,obesity_adults,Age-adjusted Prevalence,28.3,26.9,29.7,Overall,Overall
2022,2022,CA,California,Social Determinants of Health,Routine checkup within the past year among adults,routine_checkup_past_year_adults,Age-adjusted Prevalence,71.7,70.4,73.0,Overall,Overall
2019,2019,CO,Colorado,Tobacco,Current cigarette smoking among adults,current_smoking_adults,Age-adjusted Prevalence,13.7,12.8,14.7,Overall,Overall
2019,2019,CO,Colorado,Diabetes,Diabetes among adults,diabetes_adults,Age-adjusted Prevalence,6.6,6.1,7.2,Overall,Overall
2019,2019,CO,Colorado,Cardiovascular Disease,High blood pressure among adults,high_blood_pressure_adults,Age-adjusted Prevalence,40.5,39.1,41.8,Overall,Overall
2019,2019,CO,Colorado,Cardiovascular Disease,High cholesterol among adults who have been screened,high_cholesterol_screened_adults,Age-adjusted Prevalence,26.6,25.5,27.7,Overall,Overall
2019,2019,CO,Colorado,Social Determinants of Health,Lack of health insurance among adults aged 18-64 years,lack_health_insurance_adults_18_64,Age-adjusted Prevalence,15.2,14.1,16.3,Overall,Overall
2019,2019,CO,Colorado,"Nutrition, Physical Activity, and Weight Status",No leisure-time physical activity among adults,no_leisure_physical_activity_adults,Age-adjusted Prevalence,18.7,17.6,19.8,Overall,Overall
2019,2019,CO,Colorado,"Nutrition, Physical Activity, and Weight Status",Obesity among adults,obesity_adults,Age-adjusted Prevalence,23.6,22.5,24.7,Overall,Overall
2019,2019,CO,Colorado,Social Determinants of Health,Routine checkup within the past year among adults,routine_checkup_past_year_adults,Age-adjusted Prevalence,68.0,66.8,69.2,Overall,Overall
2020,2020,CO,Colorado,Tobacco,Current cigarette smoking among adults,current_smoking_adults,Age-adjusted Prevalence,12.6,11.8,13.4,Overall,Overall
2020,2020,CO,Colorado,Diabetes,Diabetes among adults,diabetes_adults,Age-adjusted Prevalence,7.1,6.6,7.6,Overall,Overall
2020,2020,CO,Colorado,Social Determinants of Health,Lack of health insurance among adults aged 18-64 years,lack_health_insurance_adults_18_64,Age-adjusted Prevalence,14.6,13.6,15.6,Overall,Overall
2020,2020,CO,Colorado,"Nutrition, Physical Activity, and Weight Status",No leisure-time physical activity among adults,no_leisure_physical_activity_adults,Age-adjusted Prevalence,16.5,15.6,17.4,Overall,Overall
2020,2020,CO,Colorado,"Nutrition, Physical Activity, and Weight Status",Obesity among adults,obesity_adults,Age-adjusted Prevalence,24.2,23.1,25.2,Overall,Overall
2020,2020,CO,Colorado,Social Determinants of Health,Routine checkup within the past year among adults,routine_checkup_past_year_adults,Age-adjusted Prevalence,67.1,66.0,68.3,Overall,Overall
2021,2021,CO,Colorado,Tobacco,Current cigarette smoking among adults,current_smoking_adults,Age-adjusted Prevalence,12.1,11.4,13.0,Overall,Overall
2021,2021,CO,Colorado,Diabetes,Diabetes among adults,diabetes_adults,Age-adjusted Prevalence,6.5,6.0,7.1,Overall,Overall
2021,2021,CO,Colorado,Cardiovascular Disease,High blood pressure among adults,high_blood_pressure_adults,Age-adjusted Prevalence,40.8,39.4,42.3,Overall,Overall
2021,2021,CO,Colorado,Cardiovascular Disease,High cholesterol among adults who have been screened,high_cholesterol_screened_adults,Age-adjusted Prevalence,28.3,27.2,29.4,Overall,Overall
2021,2021,CO,Colorado,Social Determinants of Health,Lack of health insurance among adults aged 18-64 years,lack_health_insurance_adults_18_64,Age-adjusted Prevalence,12.1,11.3,13.1,Overall,Overall
2021,2021,CO,Colorado,"Nutrition, Physical Activity, and Weight Status",No leisure-time physical activity among adults,no_leisure_physical_activity_adults,Age-adjusted Prevalence,16.5,15.6,17.3,Overall,Overall
2021,2021,CO,Colorado,"Nutrition, Physical Activity, and Weight Status",Obesity among adults,obesity_adults,Age-adjusted Prevalence,25.1,24.0,26.2,Overall,Overall
2021,2021,CO,Colorado,Social Determinants of Health,Routine checkup within the past year among adults,routine_checkup_past_year_adults,Age-adjusted Prevalence,66.7,65.6,67.8,Overall,Overall
2022,2022,CO,Colorado,Tobacco,Current cigarette smoking among adults,current_smoking_adults,Age-adjusted Prevalence,10.9,10.1,11.8,Overall,Overall
2022,2022,CO,Colorado,Diabetes,Diabetes among adults,diabetes_adults,Age-adjusted Prevalence,7.6,6.9,8.3,Overall,Overall
2022,2022,CO,Colorado,Social Determinants of Health,Lack of health insurance among adults aged 18-64 years,lack_health_insurance_adults_18_64,Age-adjusted Prevalence,,,,Overall,Overall
2022,2022,CO,Colorado,"Nutrition, Physical Activity, and Weight Status",No leisure-time physical activity among adults,no_leisure_physical_activity_adults,Age-adjusted Prevalence,16.7,15.7,17.7,Overall,Overall
2022,2022,CO,Colorado,"Nutrition, Physical Activity, and Weight Status",Obesity among adults,obesity_adults,Age-adjusted Prevalence,25.0,23.8,26.1,Overall,Overall
2022,2022,CO,Colorado,Social Determinants of Health,Routine checkup within the past year among adults,routine_checkup_past_year_adults,Age-adjusted Prevalence,,,,Overall,Overall
2019,2019,CT,Connecticut,Tobacco,Current cigarette smoking among adults,current_smoking_adults,Age-adjusted Prevalence,12.6,11.5,13.8,Overall,Overall
2019,2019,CT,Connecticut,Diabetes,Diabetes among adults,diabetes_adults,Age-adjusted Prevalence,8.3,7.6,9.0,Overall,Overall
2019,2019,CT,Connecticut,Cardiovascular Disease,High blood pressure among adults,high_blood_pressure_adults,Age-adjusted Prevalence,45.8,44.4,47.3,Overall,Overall
2019,2019,CT,Connecticut,Cardiovascular Disease,High cholesterol among adults who have been screened,high_cholesterol_screened_adults,Age-adjusted Prevalence,30.4,29.0,31.9,Overall,Overall
2019,2019,CT,Connecticut,Social Determinants of Health,Lack of health insurance among adults aged 18-64 years,lack_health_insurance_adults_18_64,Age-adjusted Prevalence,10.6,9.4,11.8,Overall,Overall
2019,2019,CT,Connecticut,"Nutrition, Physical Activity, and Weight Status",No leisure-time physical activity among adults,no_leisure_physical_activity_adults,Age-adjusted Prevalence,23.3,21.9,24.7,Overall,Overall
2019,2019,CT,Connecticut,"Nutrition, Physical Activity, and Weight Status",Obesity among adults,obesity_adults,Age-adjusted Prevalence,29.1,27.6,30.6,Overall,Overall
2019,2019,CT,Connecticut,Social Determinants of Health,Routine checkup within the past year among adults,routine_checkup_past_year_adults,Age-adjusted Prevalence,78.9,77.5,80.2,Overall,Overall
2020,2020,CT,Connecticut,Tobacco,Current cigarette smoking among adults,current_smoking_adults,Age-adjusted Prevalence,12.6,11.5,13.9,Overall,Overall
2020,2020,CT,Connecticut,Diabetes,Diabetes among adults,diabetes_adults,Age-adjusted Prevalence,8.3,7.5,9.1,Overall,Overall
2020,2020,CT,Connecticut,Social Determinants of Health,Lack of health insurance among adults aged 18-64 years,lack_health_insurance_adults_18_64,Age-adjusted Prevalence,11.6,10.3,13.1,Overall,Overall
2020,2020,CT,Connecticut,"Nutrition, Physical Activity, and Weight Status",No leisure-time physical activity among adults,no_leisure_physical_activity_adults,Age-adjusted Prevalence,20.2,18.8,21.6,Overall,Overall
2020,2020,CT,Connecticut,"Nutrition, Physical Activity, and Weight Status",Obesity among adults,obesity_adults,Age-adjusted Prevalence,29.5,27.8,31.1,Overall,Overall
2020,2020,CT,Connecticut,Social Determinants of Health,Routine checkup within the past year among adults,routine_checkup_past_year_adults,Age-adjusted Prevalence,76.5,75.0,78.0,Overall,Overall
2021,2021,CT,Connecticut,Tobacco,Current cigarette smoking among adults,current_smoking_adults,Age-adjusted Prevalence,11.5,10.4,12.6,Overall,Overall
2021,2021,CT,Connecticut,Diabetes,Diabetes among adults,diabetes_adults,Age-adjusted Prevalence,9.4,8.6,10.2,Overall,Overall
2021,2021,CT,Connecticut,Cardiovascular Disease,High blood pressure among adults,high_blood_pressure_adults,Age-adjusted Prevalence,45.3,43.5,47.2,Overall,Overall
2021,2021,CT,Connecticut,Cardiovascular Disease,High cholesterol among adults who have been screened,high_cholesterol_screened_adults,Age-adjusted Prevalence,30.9,29.4,32.4,Overall,Overall
2021,2021,CT,Connecticut,Social Determinants of Health,Lack of health insurance among adults aged 18-64 years,lack_health_insurance_adults_18_64,Age-adjusted Prevalence,7.6,6.6,8.6,Overall,Overall
2021,2021,CT,Connecticut,"Nutrition, Physical Activity, and Weight Status",No leisure-time physical activity among adults,no_leisure_physical_activity_adults,Age-adjusted Prevalence,22.3,21.1,23.7,Overall,Overall
2021,2021,CT,Connecticut,"Nutrition, Physical Activity, and Weight Status",Obesity among adults,obesity_adults,Age-adjusted Prevalence,30.6,29.0,32.2,Overall,Overall
2021,2021,CT,Connecticut,Social Determinants of Health,Routine checkup within the past year among adults,routine_checkup_past_year_adults,Age-adjusted Prevalence,75.4,73.9,76.7,Overall,Overall
2022,2022,CT,Connecticut,Tobacco,Current cigarette smoking among adults,current_smoking_adults,Age-adjusted Prevalence,10.3,9.3,11.4,Overall,Overall
2022,2022,CT,Connecticut,Diabetes,Diabetes among adults,diabetes_adults,Age-adjusted Prevalence,9.2,8.4,10.1,Overall,Overall
2022,2022,CT,Connecticut,Social Determinants of Health,Lack of health insurance among adults aged 18-64 years,lack_health_insurance_adults_18_64,Age-adjusted Prevalence,8.8,7.8,9.9,Overall,Overall
2022,2022,CT,Connecticut,"Nutrition, Physical Activity, and Weight Status",No leisure-time physical activity among adults,no_leisure_physical_activity_adults,Age-adjusted Prevalence,22.5,21.3,23.8,Overall,Overall
2022,2022,CT,Connecticut,"Nutrition, Physical Activity, and Weight Status",Obesity among adults,obesity_adults,Age-adjusted Prevalence,30.7,29.1,32.3,Overall,Overall
2022,2022,CT,Connecticut,Social Determinants of Health,Routine checkup within the past year among adults,routine_checkup_past_year_adults,Age-adjusted Prevalence,77.2,75.8,78.5,Overall,Overall
2019,2019,DC,District of Columbia,Tobacco,Current cigarette smoking among adults,current_smoking_adults,Age-adjusted Prevalence,12.8,11.1,14.6,Overall,Overall
2019,2019,DC,District of Columbia,Diabetes,Diabetes among adults,diabetes_adults,Age-adjusted Prevalence,9.5,8.4,10.7,Overall,Overall
2019,2019,DC,District of Columbia,Cardiovascular Disease,High blood pressure among adults,high_blood_pressure_adults,Age-adjusted Prevalence,50.7,48.0,53.4,Overall,Overall
2019,2019,DC,District of Columbia,Cardiovascular Disease,High cholesterol among adults who have been screened,high_cholesterol_screened_adults,Age-adjusted Prevalence,28.6,26.5,30.8,Overall,Overall
2019,2019,DC,District of Columbia,Social Determinants of Health,Lack of health insurance among adults aged 18-64 years,lack_health_insurance_adults_18_64,Age-adjusted Prevalence,8.6,6.9,10.6,Overall,Overall
2019,2019,DC,District of Columbia,"Nutrition, Physical Activity, and Weight Status",No leisure-time physical activity among adults,no_leisure_physical_activity_adults,Age-adjusted Prevalence,19.3,17.3,21.5,Overall,Overall
2019,2019,DC,District of Columbia,"Nutrition, Physical Activity, and Weight Status",Obesity among adults,obesity_adults,Age-adjusted Prevalence,24.4,22.4,26.5,Overall,Overall
2019,2019,DC,District of Columbia,Social Determinants of Health,Routine checkup within the past year among adults,routine_checkup_past_year_adults,Age-adjusted Prevalence,79.5,77.4,81.5,Overall,Overall
2020,2020,DC,District of Columbia,Tobacco,Current cigarette smoking among adults,current_smoking_adults,Age-adjusted Prevalence,11.7,10.3,13.2,Overall,Overall
2020,2020,DC,District of Columbia,Diabetes,Diabetes among adults,diabetes_adults,Age-adjusted Prevalence,8.4,7.3,9.6,Overall,Overall
2020,2020,DC,District of Columbia,Social Determinants of Health,Lack of health insurance among adults aged 18-64 years,lack_health_insurance_adults_18_64,Age-adjusted Prevalence,5.6,4.4,7.1,Overall,Overall
2020,2020,DC,District of Columbia,"Nutrition, Physical Activity, and Weight Status",No leisure-time physical activity among adults,no_leisure_physical_activity_adults,Age-adjusted Prevalence,18.5,16.7,20.5,Overall,Overall
2020,2020,DC,District of Columbia,"Nutrition, Physical Activity, and Weight Status",Obesity among adults,obesity_adults,Age-adjusted Prevalence,25.3,23.3,27.5,Overall,Overall
2020,2020,DC,District of Columbia,Social Determinants of Health,Routine checkup within the past year among adults,routine_checkup_past_year_adults,Age-adjusted Prevalence,72.7,70.7,74.6,Overall,Overall
2021,2021,DC,District of Columbia,Tobacco,Current cigarette smoking among adults,current_smoking_adults,Age-adjusted Prevalence,9.5,8.2,10.9,Overall,Overall
2021,2021,DC,District of Columbia,Diabetes,Diabetes among adults,diabetes_adults,Age-adjusted Prevalence,8.4,7.3,9.6,Overall,Overall
2021,2021,DC,District of Columbia,Cardiovascular Disease,High blood pressure among adults,high_blood_pressure_adults,Age-adjusted Prevalence,49.6,46.9,52.3,Overall,Overall
2021,2021,DC,District of Columbia,Cardiovascular Disease,High cholesterol among adults who have been screened,high_cholesterol_screened_adults,Age-adjusted Prevalence,30.5,28.1,32.9,Overall,Overall
2021,2021,DC,District of Columbia,Social Determinants of Health,Lack of health insurance among adults aged 18-64 years,lack_health_insurance_adults_18_64,Age-adjusted Prevalence,3.5,2.6,4.8,Overall,Overall
2021,2021,DC,District of Columbia,"Nutrition, Physical Activity, and Weight Status",No leisure-time physical activity among adults,no_leisure_physical_activity_adults,Age-adjusted Prevalence,16.4,14.7,18.2,Overall,Overall
2021,2021,DC,District of Columbia,"Nutrition, Physical Activity, and Weight Status",Obesity among adults,obesity_adults,Age-adjusted Prevalence,25.2,23.0,27.5,Overall,Overall
2021,2021,DC,District of Columbia,Social Determinants of Health,Routine checkup within the past year among adults,routine_checkup_past_year_adults,Age-adjusted Prevalence,73.5,71.3,75.5,Overall,Overall
2022,2022,DC,District of Columbia,Tobacco,Current cigarette smoking among adults,current_smoking_adults,Age-adjusted Prevalence,11.0,9.5,12.8,Overall,Overall
2022,2022,DC,District of Columbia,Diabetes,Diabetes among adults,diabetes_adults,Age-adjusted Prevalence,8.8,7.6,10.1,Overall,Overall
2022,2022,DC,District of Columbia,Social Determinants of Health,Lack of health insurance among adults aged 18-64 years,lack_health_insurance_adults_18_64,Age-adjusted Prevalence,3.3,2.4,4.5,Overall,Overall
2022,2022,DC,District of Columbia,"Nutrition, Physical Activity, and Weight Status",No leisure-time physical activity among adults,no_leisure_physical_activity_adults,Age-adjusted Prevalence,16.0,14.2,17.8,Overall,Overall
2022,2022,DC,District of Columbia,"Nutrition, Physical Activity, and Weight Status",Obesity among adults,obesity_adults,Age-adjusted Prevalence,25.4,23.2,27.6,Overall,Overall
2022,2022,DC,District of Columbia,Social Determinants of Health,Routine checkup within the past year among adults,routine_checkup_past_year_adults,Age-adjusted Prevalence,75.8,73.7,77.8,Overall,Overall
2019,2019,DE,Delaware,Tobacco,Current cigarette smoking among adults,current_smoking_adults,Age-adjusted Prevalence,16.5,14.6,18.5,Overall,Overall
2019,2019,DE,Delaware,Diabetes,Diabetes among adults,diabetes_adults,Age-adjusted Prevalence,11.0,9.8,12.4,Overall,Overall
2019,2019,DE,Delaware,Cardiovascular Disease,High blood pressure among adults,high_blood_pressure_adults,Age-adjusted Prevalence,51.8,49.2,54.3,Overall,Overall
2019,2019,DE,Delaware,Cardiovascular Disease,High cholesterol among adults who have been screened,high_cholesterol_screened_adults,Age-adjusted Prevalence,30.0,27.9,32.1,Overall,Overall
2019,2019,DE,Delaware,Social Determinants of Health,Lack of health insurance among adults aged 18-64 years,lack_health_insurance_adults_18_64,Age-adjusted Prevalence,13.5,11.7,15.5,Overall,Overall
2019,2019,DE,Delaware,"Nutrition, Physical Activity, and Weight Status",No leisure-time physical activity among adults,no_leisure_physical_activity_adults,Age-adjusted Prevalence,25.3,23.4,27.4,Overall,Overall
2019,2019,DE,Delaware,"Nutrition, Physical Activity, and Weight Status",Obesity among adults,obesity_adults,Age-adjusted Prevalence,34.2,31.8,36.7,Overall,Overall
2019,2019,DE,Delaware,Social Determinants of Health,Routine checkup within the past year among adults,routine_checkup_past_year_adults,Age-adjusted Prevalence,80.4,78.3,82.3,Overall,Overall
2020,2020,DE,Delaware,Tobacco,Current cigarette smoking among adults,current_smoking_adults,Age-adjusted Prevalence,15.8,14.1,17.6,Overall,Overall
2020,2020,DE,Delaware,Diabetes,Diabetes among adults,diabetes_adults,Age-adjusted Prevalence,10.6,9.4,12.0,Overall,Overall
2020,2020,DE,Delaware,Social Determinants of Health,Lack of health insurance among adults aged 18-64 years,lack_health_insurance_adults_18_64,Age-adjusted Prevalence,13.3,11.6,15.1,Overall,Overall
2020,2020,DE,Delaware,"Nutrition, Physical Activity, and Weight Status",No leisure-time physical activity among adults,no_leisure_physical_activity_adults,Age-adjusted Prevalence,23.6,21.7,25.6,Overall,Overall
2020,2020,DE,Delaware,"Nutrition, Physical Activity, and Weight Status",Obesity among adults,obesity_adults,Age-adjusted Prevalence,36.2,33.9,38.6,Overall,Overall
2020,2020,DE,Delaware,Social Determinants of Health,Routine checkup within the past year among adults,routine_checkup_past_year_adults,Age-adjusted Prevalence,75.2,73.1,77.2,Overall,Overall
2021,2021,DE,Delaware,Tobacco,Current cigarette smoking among adults,current_smoking_adults,Age-adjusted Prevalence,14.3,12.6,16.2,Overall,Overall
2021,2021,DE,Delaware,Diabetes,Diabetes among adults,diabetes_adults,Age-adjusted Prevalence,10.0,8.8,11.3,Overall,Overall
2021,2021,DE,Delaware,Cardiovascular Disease,High blood pressure among adults,high_blood_pressure_adults,Age-adjusted Prevalence,49.6,47.2,52.1,Overall,Overall
2021,2021,DE,Delaware,Cardiovascular Disease,High cholesterol among adults who have been screened,high_cholesterol_screened_adults,Age-adjusted Prevalence,32.2,30.0,34.5,Overall,Overall
2021,2021,DE,Delaware,Social Determinants of Health,Lack of health insurance among adults aged 18-64 years,lack_health_insurance_adults_18_64,Age-adjusted Prevalence,10.1,8.6,12.0,Overall,Overall
2021,2021,DE,Delaware,"Nutrition, Physical Activity, and Weight Status",No leisure-time physical activity among adults,no_leisure_physical_activity_adults,Age-adjusted Prevalence,26.2,24.2,28.3,Overall,Overall
2021,2021,DE,Delaware,"Nutrition, Physical Activity, and Weight Status",Obesity among adults,obesity_adults,Age-adjusted Prevalence,33.8,31.5,36.1,Overall,Overall
2021,2021,DE,Delaware,Social Determinants of Health,Routine checkup within the past year among adults,routine_checkup_past_year_adults,Age-adjusted Prevalence,74.8,72.6,76.8,Overall,Overall
2022,2022,DE,Delaware,Tobacco,Current cigarette smoking among adults,current_smoking_adults,Age-adjusted Prevalence,13.8,12.1,15.5,Overall,Overall
2022,2022,DE,Delaware,Diabetes,Diabetes among adults,diabetes_adults,Age-adjusted Prevalence,11.9,10.7,13.3,Overall,Overall
2022,2022,DE,Delaware,Social Determinants of Health,Lack of health insurance among adults aged 18-64 years,lack_health_insurance_adults_18_64,Age-adjusted Prevalence,9.1,7.6,10.8,Overall,Overall
2022,2022,DE,Delaware,"Nutrition, Physical Activity, and Weight Status",No leisure-time physical activity among adults,no_leisure_physical_activity_adults,Age-adjusted Prevalence,22.7,20.8,24.7,Overall,Overall
2022,2022,DE,Delaware,"Nutrition, Physical Activity, and Weight Status",Obesity among adults,obesity_adults,Age-adjusted Prevalence,38.0,35.6,40.5,Overall,Overall
2022,2022,DE,Delaware,Social Determinants of Health,Routine checkup within the past year among adults,routine_checkup_past_year_adults,Age-adjusted Prevalence,76.1,73.9,78.2,Overall,Overall
2019,2019,FL,Florida,Tobacco,Current cigarette smoking among adults,current_smoking_adults,Age-adjusted Prevalence,15.4,14.2,16.6,Overall,Overall
2019,2019,FL,Florida,Diabetes,Diabetes among adults,diabetes_adults,Age-adjusted Prevalence,9.5,8.7,10.3,Overall,Overall
2019,2019,FL,Florida,Cardiovascular Disease,High blood pressure among adults,high_blood_pressure_adults,Age-adjusted Prevalence,47.5,45.6,49.4,Overall,Overall
2019,2019,FL,Florida,Cardiovascular Disease,High cholesterol among adults who have been screened,high_cholesterol_screened_adults,Age-adjusted Prevalence,28.2,26.6,29.9,Overall,Overall
2019,2019,FL,Florida,Social Determinants of Health,Lack of health insurance among adults aged 18-64 years,lack_health_insurance_adults_18_64,Age-adjusted Prevalence,21.3,19.7,23.0,Overall,Overall
2019,2019,FL,Florida,"Nutrition, Physical Activity, and Weight Status",No leisure-time physical activity among adults,no_leisure_physical_activity_adults,Age-adjusted Prevalence,25.9,24.3,27.6,Overall,Overall
2019,2019,FL,Florida,"Nutrition, Physical Activity, and Weight Status",Obesity among adults,obesity_adults,Age-adjusted Prevalence,26.3,24.8,27.8,Overall,Overall
2019,2019,FL,Florida,Social Determinants of Health,Routine checkup within the past year among adults,routine_checkup_past_year_adults,Age-adjusted Prevalence,75.8,74.3,77.4,Overall,Overall
2020,2020,FL,Florida,Tobacco,Current cigarette smoking among adults,current_smoking_adults,Age-adjusted Prevalence,15.5,13.9,17.3,Overall,Overall
2020,2020,FL,Florida,Diabetes,Diabetes among adults,diabetes_adults,Age-adjusted Prevalence,9.6,8.6,10.6,Overall,Overall
2020,2020,FL,Florida,Social Determinants of Health,Lack of health insurance among adults aged 18-64 years,lack_health_insurance_adults_18_64,Age-adjusted Prevalence,23.2,21.2,25.3,Overall,Overall
2020,2020,FL,Florida,"Nutrition, Physical Activity, and Weight Status",No leisure-time physical activity among adults,no_leisure_physical_activity_adults,Age-adjusted Prevalence,25.8,24.0,27.7,Overall,Overall
2020,2020,FL,Florida,"Nutrition, Physical Activity, and Weight Status",Obesity among adults,obesity_adults,Age-adjusted Prevalence,28.3,26.4,30.3,Overall,Overall
2020,2020,FL,Florida,Social Determinants of Health,Routine checkup within the past year among adults,routine_checkup_past_year_adults,Age-adjusted Prevalence,74.1,72.3,75.9,Overall,Overall
2021,2021,FL,Florida,Tobacco,Current cigarette smoking among adults,current_smoking_adults,Age-adjusted Prevalence,,,,Overall,Overall
2021,2021,FL,Florida,Diabetes,Diabetes among adults,diabetes_adults,Age-adjusted Prevalence,,,,Overall,Overall
2021,2021,FL,Florida,Cardiovascular Disease,High blood pressure among adults,high_blood_pressure_adults,Age-adjusted Prevalence,,,,Overall,Overall
2021,2021,FL,Florida,Cardiovascular Disease,High cholesterol among adults who have been screened,high_cholesterol_screened_adults,Age-adjusted Prevalence,,,,Overall,Overall
2021,2021,FL,Florida,Social Determinants of Health,Lack of health insurance among adults aged 18-64 years,lack_health_insurance_adults_18_64,Age-adjusted Prevalence,,,,Overall,Overall
2021,2021,FL,Florida,"Nutrition, Physical Activity, and Weight Status",No leisure-time physical activity among adults,no_leisure_physical_activity_adults,Age-adjusted Prevalence,,,,Overall,Overall
2021,2021,FL,Florida,"Nutrition, Physical Activity, and Weight Status",Obesity among adults,obesity_adults,Age-adjusted Prevalence,,,,Overall,Overall
2021,2021,FL,Florida,Social Determinants of Health,Routine checkup within the past year among adults,routine_checkup_past_year_adults,Age-adjusted Prevalence,,,,Overall,Overall
2022,2022,FL,Florida,Tobacco,Current cigarette smoking among adults,current_smoking_adults,Age-adjusted Prevalence,12.0,10.8,13.4,Overall,Overall
2022,2022,FL,Florida,Diabetes,Diabetes among adults,diabetes_adults,Age-adjusted Prevalence,9.6,8.8,10.6,Overall,Overall
2022,2022,FL,Florida,Social Determinants of Health,Lack of health insurance among adults aged 18-64 years,lack_health_insurance_adults_18_64,Age-adjusted Prevalence,16.3,14.6,18.2,Overall,Overall
2022,2022,FL,Florida,"Nutrition, Physical Activity, and Weight Status",No leisure-time physical activity among adults,no_leisure_physical_activity_adults,Age-adjusted Prevalence,23.5,21.9,25.1,Overall,Overall
2022,2022,FL,Florida,"Nutrition, Physical Activity, and Weight Status",Obesity among adults,obesity_adults,Age-adjusted Prevalence,31.7,29.8,33.6,Overall,Overall
2022,2022,FL,Florida,Social Determinants of Health,Routine checkup within the past year among adults,routine_checkup_past_year_adults,Age-adjusted Prevalence,74.0,72.2,75.7,Overall,Overall
2019,2019,GA,Georgia,Tobacco,Current cigarette smoking among adults,current_smoking_adults,Age-adjusted Prevalence,16.7,15.4,18.2,Overall,Overall
2019,2019,GA,Georgia,Diabetes,Diabetes among adults,diabetes_adults,Age-adjusted Prevalence,11.3,10.3,12.3,Overall,Overall
2019,2019,GA,Georgia,Cardiovascular Disease,High blood pressure among adults,high_blood_pressure_adults,Age-adjusted Prevalence,54.4,52.2,56.6,Overall,Overall
2019,2019,GA,Georgia,Cardiovascular Disease,High cholesterol among adults who have been screened,high_cholesterol_screened_adults,Age-adjusted Prevalence,29.2,27.5,30.8,Overall,Overall
2019,2019,GA,Georgia,Social Determinants of Health,Lack of health insurance among adults aged 18-64 years,lack_health_insurance_adults_18_64,Age-adjusted Prevalence,23.1,21.2,25.1,Overall,Overall
2019,2019,GA,Georgia,"Nutrition, Physical Activity, and Weight Status",No leisure-time physical activity among adults,no_leisure_physical_activity_adults,Age-adjusted Prevalence,27.4,25.8,29.1,Overall,Overall
2019,2019,GA,Georgia,"Nutrition, Physical Activity, and Weight Status",Obesity among adults,obesity_adults,Age-adjusted Prevalence,33.4,31.5,35.3,Overall,Overall
2019,2019,GA,Georgia,Social Determinants of Health,Routine checkup within the past year among adults,routine_checkup_past_year_adults,Age-adjusted Prevalence,75.5,73.7,77.2,Overall,Overall
2020,2020,GA,Georgia,Tobacco,Current cigarette smoking among adults,current_smoking_adults,Age-adjusted Prevalence,16.3,14.9,17.7,Overall,Overall
2020,2020,GA,Georgia,Diabetes,Diabetes among adults,diabetes_adults,Age-adjusted Prevalence,10.8,10.0,11.6,Overall,Overall
2020,2020,GA,Georgia,Social Determinants of Health,Lack of health insurance among adults aged 18-64 years,lack_health_insurance_adults_18_64,Age-adjusted Prevalence,22.4,20.7,24.3,Overall,Overall
2020,2020,GA,Georgia,"Nutrition, Physical Activity, and Weight Status",No leisure-time physical activity among adults,no_leisure_physical_activity_adults,Age-adjusted Prevalence,24.5,23.1,26.1,Overall,Overall
2020,2020,GA,Georgia,"Nutrition, Physical Activity, and Weight Status",Obesity among adults,obesity_adults,Age-adjusted Prevalence,34.3,32.5,36.1,Overall,Overall
2020,2020,GA,Georgia,Social Determinants of Health,Routine checkup within the past year among adults,routine_checkup_past_year_adults,Age-adjusted Prevalence,74.6,72.9,76.2,Overall,Overall
2021,2021,GA,Georgia,Tobacco,Current cigarette smoking among adults,current_smoking_adults,Age-adjusted Prevalence,15.6,14.3,17.0,Overall,Overall
2021,2021,GA,Georgia,Diabetes,Diabetes among adults,diabetes_adults,Age-adjusted Prevalence,11.5,10.6,12.5,Overall,Overall
2021,2021,GA,Georgia,Cardiovascular Disease,High blood pressure among adults,high_blood_pressure_adults,Age-adjusted Prevalence,56.5,54.6,58.4,Overall,Overall
2021,2021,GA,Georgia,Cardiovascular Disease,High cholesterol among adults who have been screened,high_cholesterol_screened_adults,Age-adjusted Prevalence,33.1,31.5,34.7,Overall,Overall
2021,2021,GA,Georgia,Social Determinants of Health,Lack of health insurance among adults aged 18-64 years,lack_health_insurance_adults_18_64,Age-adjusted Prevalence,17.3,15.7,19.0,Overall,Overall
2021,2021,GA,Georgia,"Nutrition, Physical Activity, and Weight Status",No leisure-time physical activity among adults,no_leisure_physical_activity_adults,Age-adjusted Prevalence,23.1,21.8,24.5,Overall,Overall
2021,2021,GA,Georgia,"Nutrition, Physical Activity, and Weight Status",Obesity among adults,obesity_adults,Age-adjusted Prevalence,34.2,32.5,36.0,Overall,Overall
2021,2021,GA,Georgia,Social Determinants of Health,Routine checkup within the past year among adults,routine_checkup_past_year_adults,Age-adjusted Prevalence,75.3,73.7,76.9,Overall,Overall
2022,2022,GA,Georgia,Tobacco,Current cigarette smoking among adults,current_smoking_adults,Age-adjusted Prevalence,12.8,11.7,14.0,Overall,Overall
2022,2022,GA,Georgia,Diabetes,Diabetes among adults,diabetes_adults,Age-adjusted Prevalence,11.0,10.3,11.9,Overall,Overall
2022,2022,GA,Georgia,Social Determinants of Health,Lack of health insurance among adults aged 18-64 years,lack_health_insurance_adults_18_64,Age-adjusted Prevalence,16.2,14.8,17.7,Overall,Overall
2022,2022,GA,Georgia,"Nutrition, Physical Activity, and Weight Status",No leisure-time physical activity among adults,no_leisure_physical_activity_adults,Age-adjusted Prevalence,23.2,21.9,24.5,Overall,Overall
2022,2022,GA,Georgia,"Nutrition, Physical Activity, and Weight Status",Obesity among adults,obesity_adults,Age-adjusted Prevalence,37.4,35.8,39.1,Overall,Overall
2022,2022,GA,Georgia,Social Determinants of Health,Routine checkup within the past year among adults,routine_checkup_past_year_adults,Age-adjusted Prevalence,73.2,71.6,74.6,Overall,Overall
2019,2019,HI,Hawaii,Tobacco,Current cigarette smoking among adults,current_smoking_adults,Age-adjusted Prevalence,12.9,11.8,14.0,Overall,Overall
2019,2019,HI,Hawaii,Diabetes,Diabetes among adults,diabetes_adults,Age-adjusted Prevalence,9.3,8.6,10.1,Overall,Overall
2019,2019,HI,Hawaii,Cardiovascular Disease,High blood pressure among adults,high_blood_pressure_adults,Age-adjusted Prevalence,44.9,43.1,46.7,Overall,Overall
2019,2019,HI,Hawaii,Cardiovascular Disease,High cholesterol among adults who have been screened,high_cholesterol_screened_adults,Age-adjusted Prevalence,26.0,24.7,27.4,Overall,Overall
2019,2019,HI,Hawaii,Social Determinants of Health,Lack of health insurance among adults aged 18-64 years,lack_health_insurance_adults_18_64,Age-adjusted Prevalence,8.8,7.8,10.0,Overall,Overall
2019,2019,HI,Hawaii,"Nutrition, Physical Activity, and Weight Status",No leisure-time physical activity among adults,no_leisure_physical_activity_adults,Age-adjusted Prevalence,23.9,22.6,25.4,Overall,Overall
2019,2019,HI,Hawaii,"Nutrition, Physical Activity, and Weight Status",Obesity among adults,obesity_adults,Age-adjusted Prevalence,25.5,24.1,26.9,Overall,Overall
2019,2019,HI,Hawaii,Social Determinants of Health,Routine checkup within the past year among adults,routine_checkup_past_year_adults,Age-adjusted Prevalence,79.1,77.8,80.4,Overall,Overall
2020,2020,HI,Hawaii,Tobacco,Current cigarette smoking among adults,current_smoking_adults,Age-adjusted Prevalence,12.2,11.1,13.4,Overall,Overall
2020,2020,HI,Hawaii,Diabetes,Diabetes among adults,diabetes_adults,Age-adjusted Prevalence,9.5,8.7,10.4,Overall,Overall
2020,2020,HI,Hawaii,Social Determinants of Health,Lack of health insurance among adults aged 18-64 years,lack_health_insurance_adults_18_64,Age-adjusted Prevalence,8.2,7.2,9.3,Overall,Overall
2020,2020,HI,Hawaii,"Nutrition, Physical Activity, and Weight Status",No leisure-time physical activity among adults,no_leisure_physical_activity_adults,Age-adjusted Prevalence,18.4,17.2,19.6,Overall,Overall
2020,2020,HI,Hawaii,"Nutrition, Physical Activity, and Weight Status",Obesity among adults,obesity_adults,Age-adjusted Prevalence,25.0,23.6,26.4,Overall,Overall
2020,2020,HI,Hawaii,Social Determinants of Health,Routine checkup within the past year among adults,routine_checkup_past_year_adults,Age-adjusted Prevalence,78.8,77.4,80.1,Overall,Overall
2021,2021,HI,Hawaii,Tobacco,Current cigarette smoking among adults,current_smoking_adults,Age-adjusted Prevalence,10.4,9.4,11.5,Overall,Overall
2021,2021,HI,Hawaii,Diabetes,Diabetes among adults,diabetes_adults,Age-adjusted Prevalence,8.1,7.4,9.0,Overall,Overall
2021,2021,HI,Hawaii,Cardiovascular Disease,High blood pressure among adults,high_blood_pressure_adults,Age-adjusted Prevalence,43.1,41.2,45.2,Overall,Overall
2021,2021,HI,Hawaii,Cardiovascular Disease,High cholesterol among adults who have been screened,high_cholesterol_screened_adults,Age-adjusted Prevalence,29.7,28.0,31.3,Overall,Overall
2021,2021,HI,Hawaii,Social Determinants of Health,Lack of health insurance among adults aged 18-64 years,lack_health_insurance_adults_18_64,Age-adjusted Prevalence,3.5,2.9,4.2,Overall,Overall
2021,2021,HI,Hawaii,"Nutrition, Physical Activity, and Weight Status",No leisure-time physical activity among adults,no_leisure_physical_activity_adults,Age-adjusted Prevalence,19.3,18.0,20.6,Overall,Overall
2021,2021,HI,Hawaii,"Nutrition, Physical Activity, and Weight Status",Obesity among adults,obesity_adults,Age-adjusted Prevalence,25.9,24.5,27.4,Overall,Overall
2021,2021,HI,Hawaii,Social Determinants of Health,Routine checkup within the past year among adults,routine_checkup_past_year_adults,Age-adjusted Prevalence,72.8,71.4,74.3,Overall,Overall
2022,2022,HI,Hawaii,Tobacco,Current cigarette smoking among adults,current_smoking_adults,Age-adjusted Prevalence,10.5,9.5,11.6,Overall,Overall
2022,2022,HI,Hawaii,Diabetes,Diabetes among adults,diabetes_adults,Age-adjusted Prevalence,10.4,9.5,11.4,Overall,Overall
2022,2022,HI,Hawaii,Social Determinants of Health,Lack of health insurance among adults aged 18-64 years,lack_health_insurance_adults_18_64,Age-adjusted Prevalence,,,,Overall,Overall
2022,2022,HI,Hawaii,"Nutrition, Physical Activity, and Weight Status",No leisure-time physical activity among adults,no_leisure_physical_activity_adults,Age-adjusted Prevalence,20.6,19.3,22.1,Overall,Overall
2022,2022,HI,Hawaii,"Nutrition, Physical Activity, and Weight Status",Obesity among adults,obesity_adults,Age-adjusted Prevalence,27.0,25.4,28.6,Overall,Overall
2022,2022,HI,Hawaii,Social Determinants of Health,Routine checkup within the past year among adults,routine_checkup_past_year_adults,Age-adjusted Prevalence,,,,Overall,Overall
2019,2019,IA,Iowa,Tobacco,Current cigarette smoking among adults,current_smoking_adults,Age-adjusted Prevalence,17.3,16.4,18.3,Overall,Overall
2019,2019,IA,Iowa,Diabetes,Diabetes among adults,diabetes_adults,Age-adjusted Prevalence,9.1,8.5,9.7,Overall,Overall
2019,2019,IA,Iowa,Cardiovascular Disease,High blood pressure among adults,high_blood_pressure_adults,Age-adjusted Prevalence,46.5,45.1,47.8,Overall,Overall
2019,2019,IA,Iowa,Cardiovascular Disease,High cholesterol among adults who have been screened,high_cholesterol_screened_adults,Age-adjusted Prevalence,27.7,26.6,28.8,Overall,Overall
2019,2019,IA,Iowa,Social Determinants of Health,Lack of health insurance among adults aged 18-64 years,lack_health_insurance_adults_18_64,Age-adjusted Prevalence,9.8,9.0,10.7,Overall,Overall
2019,2019,IA,Iowa,"Nutrition, Physical Activity, and Weight Status",No leisure-time physical activity among adults,no_leisure_physical_activity_adults,Age-adjusted Prevalence,26.1,25.0,27.2,Overall,Overall
2019,2019,IA,Iowa,"Nutrition, Physical Activity, and Weight Status",Obesity among adults,obesity_adults,Age-adjusted Prevalence,34.3,33.1,35.4,Overall,Overall
2019,2019,IA,Iowa,Social Determinants of Health,Routine checkup within the past year among adults,routine_checkup_past_year_adults,Age-adjusted Prevalence,77.0,75.9,78.0,Overall,Overall
2020,2020,IA,Iowa,Tobacco,Current cigarette smoking among adults,current_smoking_adults,Age-adjusted Prevalence,16.8,15.9,17.9,Overall,Overall
2020,2020,IA,Iowa,Diabetes,Diabetes among adults,diabetes_adults,Age-adjusted Prevalence,9.1,8.5,9.7,Overall,Overall
2020,2020,IA,Iowa,Social Determinants of Health,Lack of health insurance among adults aged 18-64 years,lack_health_insurance_adults_18_64,Age-adjusted Prevalence,9.6,8.8,10.6,Overall,Overall
2020,2020,IA,Iowa,"Nutrition, Physical Activity, and Weight Status",No leisure-time physical activity among adults,no_leisure_physical_activity_adults,Age-adjusted Prevalence,22.7,21.7,23.8,Overall,Overall
2020,2020,IA,Iowa,"Nutrition, Physical Activity, and Weight Status",Obesity among adults,obesity_adults,Age-adjusted Prevalence,37.2,35.9,38.4,Overall,Overall
2020,2020,IA,Iowa,Social Determinants of Health,Routine checkup within the past year among adults,routine_checkup_past_year_adults,Age-adjusted Prevalence,74.4,73.3,75.5,Overall,Overall
2021,2021,IA,Iowa,Tobacco,Current cigarette smoking among adults,current_smoking_adults,Age-adjusted Prevalence,15.5,14.5,16.5,Overall,Overall
2021,2021,IA,Iowa,Diabetes,Diabetes among adults,diabetes_adults,Age-adjusted Prevalence,8.7,8.0,9.3,Overall,Overall
2021,2021,IA,Iowa,Cardiovascular Disease,High blood pressure among adults,high_blood_pressure_adults,Age-adjusted Prevalence,45.1,43.6,46.7,Overall,Overall
2021,2021,IA,Iowa,Cardiovascular Disease,High cholesterol among adults who have been screened,high_cholesterol_screened_adults,Age-adjusted Prevalence,28.9,27.6,30.1,Overall,Overall
2021,2021,IA,Iowa,Social Determinants of Health,Lack of health insurance among adults aged 18-64 years,lack_health_insurance_adults_18_64,Age-adjusted Prevalence,7.5,6.7,8.5,Overall,Overall
2021,2021,IA,Iowa,"Nutrition, Physical Activity, and Weight Status",No leisure-time physical activity among adults,no_leisure_physical_activity_adults,Age-adjusted Prevalence,23.8,22.7,25.0,Overall,Overall
2021,2021,IA,Iowa,"Nutrition, Physical Activity, and Weight Status",Obesity among adults,obesity_adults,Age-adjusted Prevalence,36.9,35.5,38.3,Overall,Overall
2021,2021,IA,Iowa,Social Determinants of Health,Routine checkup within the past year among adults,routine_checkup_past_year_adults,Age-adjusted Prevalence,73.9,72.7,75.2,Overall,Overall
2022,2022,IA,Iowa,Tobacco,Current cigarette smoking among adults,current_smoking_adults,Age-adjusted Prevalence,15.5,14.5,16.6,Overall,Overall
2022,2022,IA,Iowa,Diabetes,Diabetes among adults,diabetes_adults,Age-adjusted Prevalence,10.3,9.6,11.1,Overall,Overall
2022,2022,IA,Iowa,Social Determinants of Health,Lack of health insurance among adults aged 18-64 years,lack_health_insurance_adults_18_64,Age-adjusted Prevalence,6.9,6.1,7.8,Overall,Overall
2022,2022,IA,Iowa,"Nutrition, Physical Activity, and Weight Status",No leisure-time physical activity among adults,no_leisure_physical_activity_adults,Age-adjusted Prevalence,24.9,23.8,26.2,Overall,Overall
2022,2022,IA,Iowa,"Nutrition, Physical Activity, and Weight Status",Obesity among adults,obesity_adults,Age-adjusted Prevalence,37.8,36.4,39.2,Overall,Overall
2022,2022,IA,Iowa,Social Determinants of Health,Routine checkup within the past year among adults,routine_checkup_past_year_adults,Age-adjusted Prevalence,76.3,75.0,77.5,Overall,Overall
2019,2019,ID,Idaho,Tobacco,Current cigarette smoking among adults,current_smoking_adults,Age-adjusted Prevalence,16.0,14.3,17.7,Overall,Overall
2019,2019,ID,Idaho,Diabetes,Diabetes among adults,diabetes_adults,Age-adjusted Prevalence,9.3,8.4,10.4,Overall,Overall
2019,2019,ID,Idaho,Cardiovascular Disease,High blood pressure among adults,high_blood_pressure_adults,Age-adjusted Prevalence,45.6,43.1,48.1,Overall,Overall
2019,2019,ID,Idaho,Cardiovascular Disease,High cholesterol among adults who have been screened,high_cholesterol_screened_adults,Age-adjusted Prevalence,27.1,25.3,29.1,Overall,Overall
2019,2019,ID,Idaho,Social Determinants of Health,Lack of health insurance among adults aged 18-64 years,lack_health_insurance_adults_18_64,Age-adjusted Prevalence,20.8,18.7,23.1,Overall,Overall
2019,2019,ID,Idaho,"Nutrition, Physical Activity, and Weight Status",No leisure-time physical activity among adults,no_leisure_physical_activity_adults,Age-adjusted Prevalence,23.3,21.6,25.2,Overall,Overall
2019,2019,ID,Idaho,"Nutrition, Physical Activity, and Weight Status",Obesity among adults,obesity_adults,Age-adjusted Prevalence,29.5,27.5,31.5,Overall,Overall
2019,2019,ID,Idaho,Social Determinants of Health,Routine checkup within the past year among adults,routine_checkup_past_year_adults,Age-adjusted Prevalence,69.3,67.3,71.3,Overall,Overall
2020,2020,ID,Idaho,Tobacco,Current cigarette smoking among adults,current_smoking_adults,Age-adjusted Prevalence,14.2,12.9,15.6,Overall,Overall
2020,2020,ID,Idaho,Diabetes,Diabetes among adults,diabetes_adults,Age-adjusted Prevalence,8.0,7.1,9.0,Overall,Overall
2020,2020,ID,Idaho,Social Determinants of Health,Lack of health insurance among adults aged 18-64 years,lack_health_insurance_adults_18_64,Age-adjusted Prevalence,17.4,15.7,19.2,Overall,Overall
2020,2020,ID,Idaho,"Nutrition, Physical Activity, and Weight Status",No leisure-time physical activity among adults,no_leisure_physical_activity_adults,Age-adjusted Prevalence,19.7,18.3,21.1,Overall,Overall
2020,2020,ID,Idaho,"Nutrition, Physical Activity, and Weight Status",Obesity among adults,obesity_adults,Age-adjusted Prevalence,31.3,29.5,33.1,Overall,Overall
2020,2020,ID,Idaho,Social Determinants of Health,Routine checkup within the past year among adults,routine_checkup_past_year_adults,Age-adjusted Prevalence,70.1,68.3,71.9,Overall,Overall
2021,2021,ID,Idaho,Tobacco,Current cigarette smoking among adults,current_smoking_adults,Age-adjusted Prevalence,13.8,12.8,15.0,Overall,Overall
2021,2021,ID,Idaho,Diabetes,Diabetes among adults,diabetes_adults,Age-adjusted Prevalence,8.8,8.1,9.6,Overall,Overall
2021,2021,ID,Idaho,Cardiovascular Disease,High blood pressure among adults,high_blood_pressure_adults,Age-adjusted Prevalence,45.0,43.3,46.7,Overall,Overall
2021,2021,ID,Idaho,Cardiovascular Disease,High cholesterol among adults who have been screened,high_cholesterol_screened_adults,Age-adjusted Prevalence,28.2,26.8,29.7,Overall,Overall
2021,2021,ID,Idaho,Social Determinants of Health,Lack of health insurance among adults aged 18-64 years,lack_health_insurance_adults_18_64,Age-adjusted Prevalence,9.7,8.7,10.9,Overall,Overall
2021,2021,ID,Idaho,"Nutrition, Physical Activity, and Weight Status",No leisure-time physical activity among adults,no_leisure_physical_activity_adults,Age-adjusted Prevalence,20.0,18.9,21.2,Overall,Overall
2021,2021,ID,Idaho,"Nutrition, Physical Activity, and Weight Status",Obesity among adults,obesity_adults,Age-adjusted Prevalence,32.1,30.7,33.6,Overall,Overall
2021,2021,ID,Idaho,Social Determinants of Health,Routine checkup within the past year among adults,routine_checkup_past_year_adults,Age-adjusted Prevalence,72.9,71.4,74.3,Overall,Overall
2022,2022,ID,Idaho,Tobacco,Current cigarette smoking among adults,current_smoking_adults,Age-adjusted Prevalence,12.4,11.4,13.5,Overall,Overall
2022,2022,ID,Idaho,Diabetes,Diabetes among adults,diabetes_adults,Age-adjusted Prevalence,8.9,8.1,9.7,Overall,Overall
2022,2022,ID,Idaho,Social Determinants of Health,Lack of health insurance among adults aged 18-64 years,lack_health_insurance_adults_18_64,Age-adjusted Prevalence,10.3,9.2,11.6,Overall,Overall
2022,2022,ID,Idaho,"Nutrition, Physical Activity, and Weight Status",No leisure-time physical activity among adults,no_leisure_physical_activity_adults,Age-adjusted Prevalence,21.0,19.8,22.3,Overall,Overall
2022,2022,ID,Idaho,"Nutrition, Physical Activity, and Weight Status",Obesity among adults,obesity_adults,Age-adjusted Prevalence,33.6,32.1,35.1,Overall,Overall
2022,2022,ID,Idaho,Social Determinants of Health,Routine checkup within the past year among adults,routine_checkup_past_year_adults,Age-adjusted Prevalence,73.2,71.8,74.6,Overall,Overall
2019,2019,IL,Illinois,Tobacco,Current cigarette smoking among adults,current_smoking_adults,Age-adjusted Prevalence,14.8,13.7,16.1,Overall,Overall
2019,2019,IL,Illinois,Diabetes,Diabetes among adults,diabetes_adults,Age-adjusted Prevalence,10.1,9.3,10.9,Overall,Overall
2019,2019,IL,Illinois,Cardiovascular Disease,High blood pressure among adults,high_blood_pressure_adults,Age-adjusted Prevalence,50.0,48.1,51.9,Overall,Overall
2019,2019,IL,Illinois,Cardiovascular Disease,High cholesterol among adults who have been screened,high_cholesterol_screened_adults,Age-adjusted Prevalence,27.5,26.2,28.9,Overall,Overall
2019,2019,IL,Illinois,Social Determinants of Health,Lack of health insurance among adults aged 18-64 years,lack_health_insurance_adults_18_64,Age-adjusted Prevalence,16.0,14.6,17.4,Overall,Overall
2019,2019,IL,Illinois,"Nutrition, Physical Activity, and Weight Status",No leisure-time physical activity among adults,no_leisure_physical_activity_adults,Age-adjusted Prevalence,25.1,23.6,26.5,Overall,Overall
2019,2019,IL,Illinois,"Nutrition, Physical Activity, and Weight Status",Obesity among adults,obesity_adults,Age-adjusted Prevalence,31.5,30.0,33.0,Overall,Overall
2019,2019,IL,Illinois,Social Determinants of Health,Routine checkup within the past year among adults,routine_checkup_past_year_adults,Age-adjusted Prevalence,75.3,73.8,76.7,Overall,Overall
2020,2020,IL,Illinois,Tobacco,Current cigarette smoking among adults,current_smoking_adults,Age-adjusted Prevalence,12.8,11.5,14.4,Overall,Overall
2020,2020,IL,Illinois,Diabetes,Diabetes among adults,diabetes_adults,Age-adjusted Prevalence,9.4,8.3,10.6,Overall,Overall
2020,2020,IL,Illinois,Social Determinants of Health,Lack of health insurance among adults aged 18-64 years,lack_health_insurance_adults_18_64,Age-adjusted Prevalence,11.4,9.6,13.5,Overall,Overall
2020,2020,IL,Illinois,"Nutrition, Physical Activity, and Weight Status",No leisure-time physical activity among adults,no_leisure_physical_activity_adults,Age-adjusted Prevalence,24.4,22.5,26.4,Overall,Overall
2020,2020,IL,Illinois,"Nutrition, Physical Activity, and Weight Status",Obesity among adults,obesity_adults,Age-adjusted Prevalence,32.5,30.2,34.8,Overall,Overall
2020,2020,IL,Illinois,Social Determinants of Health,Routine checkup within the past year among adults,routine_checkup_past_year_adults,Age-adjusted Prevalence,77.1,75.1,79.0,Overall,Overall
2021,2021,IL,Illinois,Tobacco,Current cigarette smoking among adults,current_smoking_adults,Age-adjusted Prevalence,12.6,11.0,14.2,Overall,Overall
2021,2021,IL,Illinois,Diabetes,Diabetes among adults,diabetes_adults,Age-adjusted Prevalence,9.7,8.5,10.9,Overall,Overall
2021,2021,IL,Illinois,Cardiovascular Disease,High blood pressure among adults,high_blood_pressure_adults,Age-adjusted Prevalence,46.1,43.1,49.0,Overall,Overall
2021,2021,IL,Illinois,Cardiovascular Disease,High cholesterol among adults who have been screened,high_cholesterol_screened_adults,Age-adjusted Prevalence,27.9,25.9,30.0,Overall,Overall
2021,2021,IL,Illinois,Social Determinants of Health,Lack of health insurance among adults aged 18-64 years,lack_health_insurance_adults_18_64,Age-adjusted Prevalence,7.9,6.4,9.8,Overall,Overall
2021,2021,IL,Illinois,"Nutrition, Physical Activity, and Weight Status",No leisure-time physical activity among adults,no_leisure_physical_activity_adults,Age-adjusted Prevalence,26.4,24.3,28.6,Overall,Overall
2021,2021,IL,Illinois,"Nutrition, Physical Activity, and Weight Status",Obesity among adults,obesity_adults,Age-adjusted Prevalence,34.3,32.0,36.8,Overall,Overall
2021,2021,IL,Illinois,Social Determinants of Health,Routine checkup within the past year among adults,routine_checkup_past_year_adults,Age-adjusted Prevalence,77.8,75.8,79.7,Overall,Overall
2022,2022,IL,Illinois,Tobacco,Current cigarette smoking among adults,current_smoking_adults,Age-adjusted Prevalence,12.8,11.5,14.3,Overall,Overall
2022,2022,IL,Illinois,Diabetes,Diabetes among adults,diabetes_adults,Age-adjusted Prevalence,10.8,9.7,11.9,Overall,Overall
2022,2022,IL,Illinois,Social Determinants of Health,Lack of health insurance among adults aged 18-64 years,lack_health_insurance_adults_18_64,Age-adjusted Prevalence,,,,Overall,Overall
2022,2022,IL,Illinois,"Nutrition, Physical Activity, and Weight Status",No leisure-time physical activity among adults,no_leisure_physical_activity_adults,Age-adjusted Prevalence,22.1,20.4,23.8,Overall,Overall
2022,2022,IL,Illinois,"Nutrition, Physical Activity, and Weight Status",Obesity among adults,obesity_adults,Age-adjusted Prevalence,33.0,31.1,35.0,Overall,Overall
2022,2022,IL,Illinois,Social Determinants of Health,Routine checkup within the past year among adults,routine_checkup_past_year_adults,Age-adjusted Prevalence,,,,Overall,Overall
2019,2019,IN,Indiana,Tobacco,Current cigarette smoking among adults,current_smoking_adults,Age-adjusted Prevalence,20.0,18.8,21.2,Overall,Overall
2019,2019,IN,Indiana,Diabetes,Diabetes among adults,diabetes_adults,Age-adjusted Prevalence,11.3,10.6,12.1,Overall,Overall
2019,2019,IN,Indiana,Cardiovascular Disease,High blood pressure among adults,high_blood_pressure_adults,Age-adjusted Prevalence,51.9,50.4,53.3,Overall,Overall
2019,2019,IN,Indiana,Cardiovascular Disease,High cholesterol among adults who have been screened,high_cholesterol_screened_adults,Age-adjusted Prevalence,29.0,27.8,30.3,Overall,Overall
2019,2019,IN,Indiana,Social Determinants of Health,Lack of health insurance among adults aged 18-64 years,lack_health_insurance_adults_18_64,Age-adjusted Prevalence,13.6,12.5,14.9,Overall,Overall
2019,2019,IN,Indiana,"Nutrition, Physical Activity, and Weight Status",No leisure-time physical activity among adults,no_leisure_physical_activity_adults,Age-adjusted Prevalence,30.6,29.3,31.9,Overall,Overall
2019,2019,IN,Indiana,"Nutrition, Physical Activity, and Weight Status",Obesity among adults,obesity_adults,Age-adjusted Prevalence,35.4,34.0,36.8,Overall,Overall
2019,2019,IN,Indiana,Social Determinants of Health,Routine checkup within the past year among adults,routine_checkup_past_year_adults,Age-adjusted Prevalence,75.5,74.2,76.7,Overall,Overall
2020,2020,IN,Indiana,Tobacco,Current cigarette smoking among adults,current_smoking_adults,Age-adjusted Prevalence,20.2,19.0,21.4,Overall,Overall
2020,2020,IN,Indiana,Diabetes,Diabetes among adults,diabetes_adults,Age-adjusted Prevalence,10.7,10.0,11.4,Overall,Overall
2020,2020,IN,Indiana,Social Determinants of Health,Lack of health insurance among adults aged 18-64 years,lack_health_insurance_adults_18_64,Age-adjusted Prevalence,14.2,13.0,15.4,Overall,Overall
2020,2020,IN,Indiana,"Nutrition, Physical Activity, and Weight Status",No leisure-time physical activity among adults,no_leisure_physical_activity_adults,Age-adjusted Prevalence,25.6,24.4,26.7,Overall,Overall
2020,2020,IN,Indiana,"Nutrition, Physical Activity, and Weight Status",Obesity among adults,obesity_adults,Age-adjusted Prevalence,37.2,35.8,38.6,Overall,Overall
2020,2020,IN,Indiana,Social Determinants of Health,Routine checkup within the past year among adults,routine_checkup_past_year_adults,Age-adjusted Prevalence,74.2,72.9,75.4,Overall,Overall
2021,2021,IN,Indiana,Tobacco,Current cigarette smoking among adults,current_smoking_adults,Age-adjusted Prevalence,18.0,16.9,19.0,Overall,Overall
2021,2021,IN,Indiana,Diabetes,Diabetes among adults,diabetes_adults,Age-adjusted Prevalence,11.0,10.3,11.7,Overall,Overall
2021,2021,IN,Indiana,Cardiovascular Disease,High blood pressure among adults,high_blood_pressure_adults,Age-adjusted Prevalence,51.5,50.2,52.9,Overall,Overall
2021,2021,IN,Indiana,Cardiovascular Disease,High cholesterol among adults who have been screened,high_cholesterol_screened_adults,Age-adjusted Prevalence,30.3,29.1,31.6,Overall,Overall
2021,2021,IN,Indiana,Social Determinants of Health,Lack of health insurance among adults aged 18-64 years,lack_health_insurance_adults_18_64,Age-adjusted Prevalence,9.3,8.3,10.3,Overall,Overall
2021,2021,IN,Indiana,"Nutrition, Physical Activity, and Weight Status",No leisure-time physical activity among adults,no_leisure_physical_activity_adults,Age-adjusted Prevalence,25.1,24.0,26.2,Overall,Overall
2021,2021,IN,Indiana,"Nutrition, Physical Activity, and Weight Status",Obesity among adults,obesity_adults,Age-adjusted Prevalence,36.7,35.4,38.0,Overall,Overall
2021,2021,IN,Indiana,Social Determinants of Health,Routine checkup within the past year among adults,routine_checkup_past_year_adults,Age-adjusted Prevalence,74.0,72.8,75.2,Overall,Overall
2022,2022,IN,Indiana,Tobacco,Current cigarette smoking among adults,current_smoking_adults,Age-adjusted Prevalence,16.9,15.9,17.9,Overall,Overall
2022,2022,IN,Indiana,Diabetes,Diabetes among adults,diabetes_adults,Age-adjusted Prevalence,11.3,10.7,12.0,Overall,Overall
2022,2022,IN,Indiana,Social Determinants of Health,Lack of health insurance among adults aged 18-64 years,lack_health_insurance_adults_18_64,Age-adjusted Prevalence,8.9,8.0,10.0,Overall,Overall
2022,2022,IN,Indiana,"Nutrition, Physical Activity, and Weight Status",No leisure-time physical activity among adults,no_leisure_physical_activity_adults,Age-adjusted Prevalence,26.6,25.5,27.7,Overall,Overall
2022,2022,IN,Indiana,"Nutrition, Physical Activity, and Weight Status",Obesity among adults,obesity_adults,Age-adjusted Prevalence,38.4,37.0,39.7,Overall,Overall
2022,2022,IN,Indiana,Social Determinants of Health,Routine checkup within the past year among adults,routine_checkup_past_year_adults,Age-adjusted Prevalence,76.9,75.8,78.0,Overall,Overall
2019,2019,KS,Kansas,Tobacco,Current cigarette smoking among adults,current_smoking_adults,Age-adjusted Prevalence,16.9,16.0,17.9,Overall,Overall
2019,2019,KS,Kansas,Diabetes,Diabetes among adults,diabetes_adults,Age-adjusted Prevalence,9.9,9.3,10.5,Overall,Overall
2019,2019,KS,Kansas,Cardiovascular Disease,High blood pressure among adults,high_blood_pressure_adults,Age-adjusted Prevalence,49.6,48.3,50.9,Overall,Overall
2019,2019,KS,Kansas,Cardiovascular Disease,High cholesterol among adults who have been screened,high_cholesterol_screened_adults,Age-adjusted Prevalence,30.3,29.2,31.5,Overall,Overall
2019,2019,KS,Kansas,Social Determinants of Health,Lack of health insurance among adults aged 18-64 years,lack_health_insurance_adults_18_64,Age-adjusted Prevalence,15.5,14.4,16.7,Overall,Overall
2019,2019,KS,Kansas,"Nutrition, Physical Activity, and Weight Status",No leisure-time physical activity among adults,no_leisure_physical_activity_adults,Age-adjusted Prevalence,26.7,25.6,27.8,Overall,Overall
2019,2019,KS,Kansas,"Nutrition, Physical Activity, and Weight Status",Obesity among adults,obesity_adults,Age-adjusted Prevalence,35.6,34.4,36.8,Overall,Overall
2019,2019,KS,Kansas,Social Determinants of Health,Routine checkup within the past year among adults,routine_checkup_past_year_adults,Age-adjusted Prevalence,74.0,72.9,75.1,Overall,Overall
2020,2020,KS,Kansas,Tobacco,Current cigarette smoking among adults,current_smoking_adults,Age-adjusted Prevalence,17.2,16.2,18.3,Overall,Overall
2020,2020,KS,Kansas,Diabetes,Diabetes among adults,diabetes_adults,Age-adjusted Prevalence,10.1,9.5,10.8,Overall,Overall
2020,2020,KS,Kansas,Social Determinants of Health,Lack of health insurance among adults aged 18-64 years,lack_health_insurance_adults_18_64,Age-adjusted Prevalence,14.9,13.8,16.1,Overall,Overall
2020,2020,KS,Kansas,"Nutrition, Physical Activity, and Weight Status",No leisure-time physical activity among adults,no_leisure_physical_activity_adults,Age-adjusted Prevalence,21.4,20.3,22.5,Overall,Overall
2020,2020,KS,Kansas,"Nutrition, Physical Activity, and Weight Status",Obesity among adults,obesity_adults,Age-adjusted Prevalence,35.8,34.6,37.1,Overall,Overall
2020,2020,KS,Kansas,Social Determinants of Health,Routine checkup within the past year among adults,routine_checkup_past_year_adults,Age-adjusted Prevalence,72.8,71.6,74.0,Overall,Overall
2021,2021,KS,Kansas,Tobacco,Current cigarette smoking among adults,current_smoking_adults,Age-adjusted Prevalence,16.4,15.6,17.2,Overall,Overall
2021,2021,KS,Kansas,Diabetes,Diabetes among adults,diabetes_adults,Age-adjusted Prevalence,10.1,9.6,10.7,Overall,Overall
2021,2021,KS,Kansas,Cardiovascular Disease,High blood pressure among adults,high_blood_pressure_adults,Age-adjusted Prevalence,50.8,49.7,51.9,Overall,Overall
2021,2021,KS,Kansas,Cardiovascular Disease,High cholesterol among adults who have been screened,high_cholesterol_screened_adults,Age-adjusted Prevalence,33.2,32.2,34.2,Overall,Overall
2021,2021,KS,Kansas,Social Determinants of Health,Lack of health insurance among adults aged 18-64 years,lack_health_insurance_adults_18_64,Age-adjusted Prevalence,11.3,10.5,12.2,Overall,Overall
2021,2021,KS,Kansas,"Nutrition, Physical Activity, and Weight Status",No leisure-time physical activity among adults,no_leisure_physical_activity_adults,Age-adjusted Prevalence,22.8,22.0,23.6,Overall,Overall
2021,2021,KS,Kansas,"Nutrition, Physical Activity, and Weight Status",Obesity among adults,obesity_adults,Age-adjusted Prevalence,36.7,35.7,37.6,Overall,Overall
2021,2021,KS,Kansas,Social Determinants of Health,Routine checkup within the past year among adults,routine_checkup_past_year_adults,Age-adjusted Prevalence,73.5,72.6,74.4,Overall,Overall
2022,2022,KS,Kansas,Tobacco,Current cigarette smoking among adults,current_smoking_adults,Age-adjusted Prevalence,15.1,14.1,16.1,Overall,Overall
2022,2022,KS,Kansas,Diabetes,Diabetes among adults,diabetes_adults,Age-adjusted Prevalence,10.2,9.6,10.9,Overall,Overall
2022,2022,KS,Kansas,Social Determinants of Health,Lack of health insurance among adults aged 18-64 years,lack_health_insurance_adults_18_64,Age-adjusted Prevalence,10.8,9.8,12.0,Overall,Overall
2022,2022,KS,Kansas,"Nutrition, Physical Activity, and Weight Status",No leisure-time physical activity among adults,no_leisure_physical_activity_adults,Age-adjusted Prevalence,22.6,21.5,23.8,Overall,Overall
2022,2022,KS,Kansas,"Nutrition, Physical Activity, and Weight Status",Obesity among adults,obesity_adults,Age-adjusted Prevalence,36.5,35.1,37.8,Overall,Overall
2022,2022,KS,Kansas,Social Determinants of Health,Routine checkup within the past year among adults,routine_checkup_past_year_adults,Age-adjusted Prevalence,74.8,73.6,76.0,Overall,Overall
2019,2019,KY,Kentucky,Tobacco,Current cigarette smoking among adults,current_smoking_adults,Age-adjusted Prevalence,24.4,22.8,26.1,Overall,Overall
2019,2019,KY,Kentucky,Diabetes,Diabetes among adults,diabetes_adults,Age-adjusted Prevalence,11.8,10.9,12.7,Overall,Overall
2019,2019,KY,Kentucky,Cardiovascular Disease,High blood pressure among adults,high_blood_pressure_adults,Age-adjusted Prevalence,57.3,55.2,59.4,Overall,Overall
2019,2019,KY,Kentucky,Cardiovascular Disease,High cholesterol among adults who have been screened,high_cholesterol_screened_adults,Age-adjusted Prevalence,32.9,31.3,34.6,Overall,Overall
2019,2019,KY,Kentucky,Social Determinants of Health,Lack of health insurance among adults aged 18-64 years,lack_health_insurance_adults_18_64,Age-adjusted Prevalence,10.4,9.0,11.9,Overall,Overall
2019,2019,KY,Kentucky,"Nutrition, Physical Activity, and Weight Status",No leisure-time physical activity among adults,no_leisure_physical_activity_adults,Age-adjusted Prevalence,31.6,29.9,33.4,Overall,Overall
2019,2019,KY,Kentucky,"Nutrition, Physical Activity, and Weight Status",Obesity among adults,obesity_adults,Age-adjusted Prevalence,36.4,34.6,38.3,Overall,Overall
2019,2019,KY,Kentucky,Social Determinants of Health,Routine checkup within the past year among adults,routine_checkup_past_year_adults,Age-adjusted Prevalence,79.2,77.5,80.8,Overall,Overall
2020,2020,KY,Kentucky,Tobacco,Current cigarette smoking among adults,current_smoking_adults,Age-adjusted Prevalence,22.2,20.4,24.0,Overall,Overall
2020,2020,KY,Kentucky,Diabetes,Diabetes among adults,diabetes_adults,Age-adjusted Prevalence,11.6,10.5,12.7,Overall,Overall
2020,2020,KY,Kentucky,Social Determinants of Health,Lack of health insurance among adults aged 18-64 years,lack_health_insurance_adults_18_64,Age-adjusted Prevalence,10.3,8.7,12.1,Overall,Overall
2020,2020,KY,Kentucky,"Nutrition, Physical Activity, and Weight Status",No leisure-time physical activity among adults,no_leisure_physical_activity_adults,Age-adjusted Prevalence,29.3,27.4,31.2,Overall,Overall
2020,2020,KY,Kentucky,"Nutrition, Physical Activity, and Weight Status",Obesity among adults,obesity_adults,Age-adjusted Prevalence,37.0,35.0,39.1,Overall,Overall
2020,2020,KY,Kentucky,Social Determinants of Health,Routine checkup within the past year among adults,routine_checkup_past_year_adults,Age-adjusted Prevalence,74.2,72.3,76.1,Overall,Overall
2021,2021,KY,Kentucky,Tobacco,Current cigarette smoking among adults,current_smoking_adults,Age-adjusted Prevalence,20.4,18.9,22.1,Overall,Overall
2021,2021,KY,Kentucky,Diabetes,Diabetes among adults,diabetes_adults,Age-adjusted Prevalence,12.5,11.4,13.8,Overall,Overall
2021,2021,KY,Kentucky,Cardiovascular Disease,High blood pressure among adults,high_blood_pressure_adults,Age-adjusted Prevalence,55.2,52.9,57.4,Overall,Overall
2021,2021,KY,Kentucky,Cardiovascular Disease,High cholesterol among adults who have been screened,high_cholesterol_screened_adults,Age-adjusted Prevalence,32.4,30.6,34.2,Overall,Overall
2021,2021,KY,Kentucky,Social Determinants of Health,Lack of health insurance among adults aged 18-64 years,lack_health_insurance_adults_18_64,Age-adjusted Prevalence,5.7,4.7,6.9,Overall,Overall
2021,2021,KY,Kentucky,"Nutrition, Physical Activity, and Weight Status",No leisure-time physical activity among adults,no_leisure_physical_activity_adults,Age-adjusted Prevalence,29.5,27.7,31.3,Overall,Overall
2021,2021,KY,Kentucky,"Nutrition, Physical Activity, and Weight Status",Obesity among adults,obesity_adults,Age-adjusted Prevalence,40.6,38.6,42.6,Overall,Overall
2021,2021,KY,Kentucky,Social Determinants of Health,Routine checkup within the past year among adults,routine_checkup_past_year_adults,Age-adjusted Prevalence,74.7,73.0,76.4,Overall,Overall
2022,2022,KY,Kentucky,Tobacco,Current cigarette smoking among adults,current_smoking_adults,Age-adjusted Prevalence,17.6,15.9,19.3,Overall,Overall
2022,2022,KY,Kentucky,Diabetes,Diabetes among adults,diabetes_adults,Age-adjusted Prevalence,13.0,11.8,14.4,Overall,Overall
2022,2022,KY,Kentucky,Social Determinants of Health,Lack of health insurance among adults aged 18-64 years,lack_health_insurance_adults_18_64,Age-adjusted Prevalence,4.7,3.7,5.9,Overall,Overall
2022,2022,KY,Kentucky,"Nutrition, Physical Activity, and Weight Status",No leisure-time physical activity among adults,no_leisure_physical_activity_adults,Age-adjusted Prevalence,25.1,23.3,27.0,Overall,Overall
2022,2022,KY,Kentucky,"Nutrition, Physical Activity, and Weight Status",Obesity among adults,obesity_adults,Age-adjusted Prevalence,38.1,35.9,40.4,Overall,Overall
2022,2022,KY,Kentucky,Social Determinants of Health,Routine checkup within the past year among adults,routine_checkup_past_year_adults,Age-adjusted Prevalence,76.8,74.7,78.7,Overall,Overall
2019,2019,LA,Louisiana,Tobacco,Current cigarette smoking among adults,current_smoking_adults,Age-adjusted Prevalence,22.6,20.9,24.3,Overall,Overall
2019,2019,LA,Louisiana,Diabetes,Diabetes among adults,diabetes_adults,Age-adjusted Prevalence,11.5,10.5,12.4,Overall,Overall
2019,2019,LA,Louisiana,Cardiovascular Disease,High blood pressure among adults,high_blood_pressure_adults,Age-adjusted Prevalence,58.6,56.5,60.7,Overall,Overall
2019,2019,LA,Louisiana,Cardiovascular Disease,High cholesterol among adults who have been screened,high_cholesterol_screened_adults,Age-adjusted Prevalence,33.5,31.8,35.2,Overall,Overall
2019,2019,LA,Louisiana,Social Determinants of Health,Lack of health insurance among adults aged 18-64 years,lack_health_insurance_adults_18_64,Age-adjusted Prevalence,14.5,12.9,16.2,Overall,Overall
2019,2019,LA,Louisiana,"Nutrition, Physical Activity, and Weight Status",No leisure-time physical activity among adults,no_leisure_physical_activity_adults,Age-adjusted Prevalence,31.5,29.7,33.3,Overall,Overall
2019,2019,LA,Louisiana,"Nutrition, Physical Activity, and Weight Status",Obesity among adults,obesity_adults,Age-adjusted Prevalence,36.2,34.4,38.1,Overall,Overall
2019,2019,LA,Louisiana,Social Determinants of Health,Routine checkup within the past year among adults,routine_checkup_past_year_adults,Age-adjusted Prevalence,79.9,78.3,81.5,Overall,Overall
2020,2020,LA,Louisiana,Tobacco,Current cigarette smoking among adults,current_smoking_adults,Age-adjusted Prevalence,18.9,17.4,20.6,Overall,Overall
2020,2020,LA,Louisiana,Diabetes,Diabetes among adults,diabetes_adults,Age-adjusted Prevalence,12.9,11.8,14.1,Overall,Overall
2020,2020,LA,Louisiana,Social Determinants of Health,Lack of health insurance among adults aged 18-64 years,lack_health_insurance_adults_18_64,Age-adjusted Prevalence,13.8,12.1,15.6,Overall,Overall
2020,2020,LA,Louisiana,"Nutrition, Physical Activity, and Weight Status",No leisure-time physical activity among adults,no_leisure_physical_activity_adults,Age-adjusted Prevalence,28.2,26.5,30.0,Overall,Overall
2020,2020,LA,Louisiana,"Nutrition, Physical Activity, and Weight Status",Obesity among adults,obesity_adults,Age-adjusted Prevalence,38.3,36.2,40.3,Overall,Overall
2020,2020,LA,Louisiana,Social Determinants of Health,Routine checkup within the past year among adults,routine_checkup_past_year_adults,Age-adjusted Prevalence,77.0,75.1,78.7,Overall,Overall
2021,2021,LA,Louisiana,Tobacco,Current cigarette smoking among adults,current_smoking_adults,Age-adjusted Prevalence,20.1,18.4,21.8,Overall,Overall
2021,2021,LA,Louisiana,Diabetes,Diabetes among adults,diabetes_adults,Age-adjusted Prevalence,12.5,11.3,13.7,Overall,Overall
2021,2021,LA,Louisiana,Cardiovascular Disease,High blood pressure among adults,high_blood_pressure_adults,Age-adjusted Prevalence,58.4,56.3,60.5,Overall,Overall
2021,2021,LA,Louisiana,Cardiovascular Disease,High cholesterol among adults who have been screened,high_cholesterol_screened_adults,Age-adjusted Prevalence,33.4,31.5,35.5,Overall,Overall
2021,2021,LA,Louisiana,Social Determinants of Health,Lack of health insurance among adults aged 18-64 years,lack_health_insurance_adults_18_64,Age-adjusted Prevalence,7.6,6.3,9.1,Overall,Overall
2021,2021,LA,Louisiana,"Nutrition, Physical Activity, and Weight Status",No leisure-time physical activity among adults,no_leisure_physical_activity_adults,Age-adjusted Prevalence,28.3,26.6,30.1,Overall,Overall
2021,2021,LA,Louisiana,"Nutrition, Physical Activity, and Weight Status",Obesity among adults,obesity_adults,Age-adjusted Prevalence,38.7,36.7,40.7,Overall,Overall
2021,2021,LA,Louisiana,Social Determinants of Health,Routine checkup within the past year among adults,routine_checkup_past_year_adults,Age-adjusted Prevalence,78.2,76.4,79.8,Overall,Overall
2022,2022,LA,Louisiana,Tobacco,Current cigarette smoking among adults,current_smoking_adults,Age-adjusted Prevalence,17.1,15.7,18.5,Overall,Overall
2022,2022,LA,Louisiana,Diabetes,Diabetes among adults,diabetes_adults,Age-adjusted Prevalence,13.3,12.3,14.3,Overall,Overall
2022,2022,LA,Louisiana,Social Determinants of Health,Lack of health insurance among adults aged 18-64 years,lack_health_insurance_adults_18_64,Age-adjusted Prevalence,,,,Overall,Overall
2022,2022,LA,Louisiana,"Nutrition, Physical Activity, and Weight Status",No leisure-time physical activity among adults,no_leisure_physical_activity_adults,Age-adjusted Prevalence,27.5,25.9,29.0,Overall,Overall
2022,2022,LA,Louisiana,"Nutrition, Physical Activity, and Weight Status",Obesity among adults,obesity_adults,Age-adjusted Prevalence,40.3,38.5,42.2,Overall,Overall
2022,2022,LA,Louisiana,Social Determinants of Health,Routine checkup within the past year among adults,routine_checkup_past_year_adults,Age-adjusted Prevalence,,,,Overall,Overall
2019,2019,MA,Massachusetts,Tobacco,Current cigarette smoking among adults,current_smoking_adults,Age-adjusted Prevalence,12.4,11.3,13.5,Overall,Overall
2019,2019,MA,Massachusetts,Diabetes,Diabetes among adults,diabetes_adults,Age-adjusted Prevalence,7.5,6.8,8.2,Overall,Overall
2019,2019,MA,Massachusetts,Cardiovascular Disease,High blood pressure among adults,high_blood_pressure_adults,Age-adjusted Prevalence,42.8,41.1,44.4,Overall,Overall
2019,2019,MA,Massachusetts,Cardiovascular Disease,High cholesterol among adults who have been screened,high_cholesterol_screened_adults,Age-adjusted Prevalence,26.9,25.6,28.2,Overall,Overall
2019,2019,MA,Massachusetts,Social Determinants of Health,Lack of health insurance among adults aged 18-64 years,lack_health_insurance_adults_18_64,Age-adjusted Prevalence,7.5,6.6,8.5,Overall,Overall
2019,2019,MA,Massachusetts,"Nutrition, Physical Activity, and Weight Status",No leisure-time physical activity among adults,no_leisure_physical_activity_adults,Age-adjusted Prevalence,26.0,24.7,27.4,Overall,Overall
2019,2019,MA,Massachusetts,"Nutrition, Physical Activity, and Weight Status",Obesity among adults,obesity_adults,Age-adjusted Prevalence,25.4,24.0,26.8,Overall,Overall
2019,2019,MA,Massachusetts,Social Determinants of Health,Routine checkup within the past year among adults,routine_checkup_past_year_adults,Age-adjusted Prevalence,80.5,79.3,81.8,Overall,Overall
2020,2020,MA,Massachusetts,Tobacco,Current cigarette smoking among adults,current_smoking_adults,Age-adjusted Prevalence,11.4,10.3,12.6,Overall,Overall
2020,2020,MA,Massachusetts,Diabetes,Diabetes among adults,diabetes_adults,Age-adjusted Prevalence,7.7,7.0,8.6,Overall,Overall
2020,2020,MA,Massachusetts,Social Determinants of Health,Lack of health insurance among adults aged 18-64 years,lack_health_insurance_adults_18_64,Age-adjusted Prevalence,6.3,5.4,7.4,Overall,Overall
2020,2020,MA,Massachusetts,"Nutrition, Physical Activity, and Weight Status",No leisure-time physical activity among adults,no_leisure_physical_activity_adults,Age-adjusted Prevalence,19.4,18.1,20.8,Overall,Overall
2020,2020,MA,Massachusetts,"Nutrition, Physical Activity, and Weight Status",Obesity among adults,obesity_adults,Age-adjusted Prevalence,24.5,22.9,26.1,Overall,Overall
2020,2020,MA,Massachusetts,Social Determinants of Health,Routine checkup within the past year among adults,routine_checkup_past_year_adults,Age-adjusted Prevalence,78.3,76.9,79.7,Overall,Overall
2021,2021,MA,Massachusetts,Tobacco,Current cigarette smoking among adults,current_smoking_adults,Age-adjusted Prevalence,10.8,9.8,11.9,Overall,Overall
2021,2021,MA,Massachusetts,Diabetes,Diabetes among adults,diabetes_adults,Age-adjusted Prevalence,7.9,7.1,8.7,Overall,Overall
2021,2021,MA,Massachusetts,Cardiovascular Disease,High blood pressure among adults,high_blood_pressure_adults,Age-adjusted Prevalence,45.8,43.9,47.7,Overall,Overall
2021,2021,MA,Massachusetts,Cardiovascular Disease,High cholesterol among adults who have been screened,high_cholesterol_screened_adults,Age-adjusted Prevalence,31.0,29.6,32.4,Overall,Overall
2021,2021,MA,Massachusetts,Social Determinants of Health,Lack of health insurance among adults aged 18-64 years,lack_health_insurance_adults_18_64,Age-adjusted Prevalence,3.5,2.9,4.2,Overall,Overall
2021,2021,MA,Massachusetts,"Nutrition, Physical Activity, and Weight Status",No leisure-time physical activity among adults,no_leisure_physical_activity_adults,Age-adjusted Prevalence,20.6,19.4,21.9,Overall,Overall
2021,2021,MA,Massachusetts,"Nutrition, Physical Activity, and Weight Status",Obesity among adults,obesity_adults,Age-adjusted Prevalence,27.5,26.0,29.0,Overall,Overall
2021,2021,MA,Massachusetts,Social Determinants of Health,Routine checkup within the past year among adults,routine_checkup_past_year_adults,Age-adjusted Prevalence,74.6,73.3,75.9,Overall,Overall
2022,2022,MA,Massachusetts,Tobacco,Current cigarette smoking among adults,current_smoking_adults,Age-adjusted Prevalence,10.7,9.8,11.7,Overall,Overall
2022,2022,MA,Massachusetts,Diabetes,Diabetes among adults,diabetes_adults,Age-adjusted Prevalence,9.2,8.5,10.0,Overall,Overall
2022,2022,MA,Massachusetts,Social Determinants of Health,Lack of health insurance among adults aged 18-64 years,lack_health_insurance_adults_18_64,Age-adjusted Prevalence,2.8,2.3,3.4,Overall,Overall
2022,2022,MA,Massachusetts,"Nutrition, Physical Activity, and Weight Status",No leisure-time physical activity among adults,no_leisure_physical_activity_adults,Age-adjusted Prevalence,20.6,19.5,21.7,Overall,Overall
2022,2022,MA,Massachusetts,"Nutrition, Physical Activity, and Weight Status",Obesity among adults,obesity_adults,Age-adjusted Prevalence,27.1,25.9,28.4,Overall,Overall
2022,2022,MA,Massachusetts,Social Determinants of Health,Routine checkup within the past year among adults,routine_checkup_past_year_adults,Age-adjusted Prevalence,79.5,78.4,80.6,Overall,Overall
2019,2019,MD,Maryland,Tobacco,Current cigarette smoking among adults,current_smoking_adults,Age-adjusted Prevalence,13.0,12.2,13.9,Overall,Overall
2019,2019,MD,Maryland,Diabetes,Diabetes among adults,diabetes_adults,Age-adjusted Prevalence,9.9,9.3,10.5,Overall,Overall
2019,2019,MD,Maryland,Cardiovascular Disease,High blood pressure among adults,high_blood_pressure_adults,Age-adjusted Prevalence,51.2,50.0,52.4,Overall,Overall
2019,2019,MD,Maryland,Cardiovascular Disease,High cholesterol among adults who have been screened,high_cholesterol_screened_adults,Age-adjusted Prevalence,31.4,30.2,32.5,Overall,Overall
2019,2019,MD,Maryland,Social Determinants of Health,Lack of health insurance among adults aged 18-64 years,lack_health_insurance_adults_18_64,Age-adjusted Prevalence,12.0,11.0,13.1,Overall,Overall
2019,2019,MD,Maryland,"Nutrition, Physical Activity, and Weight Status",No leisure-time physical activity among adults,no_leisure_physical_activity_adults,Age-adjusted Prevalence,23.0,21.9,24.1,Overall,Overall
2019,2019,MD,Maryland,"Nutrition, Physical Activity, and Weight Status",Obesity among adults,obesity_adults,Age-adjusted Prevalence,32.0,30.8,33.2,Overall,Overall
2019,2019,MD,Maryland,Social Determinants of Health,Routine checkup within the past year among adults,routine_checkup_past_year_adults,Age-adjusted Prevalence,79.0,77.9,80.0,Overall,Overall
2020,2020,MD,Maryland,Tobacco,Current cigarette smoking among adults,current_smoking_adults,Age-adjusted Prevalence,11.1,10.3,11.9,Overall,Overall
2020,2020,MD,Maryland,Diabetes,Diabetes among adults,diabetes_adults,Age-adjusted Prevalence,9.2,8.6,9.8,Overall,Overall
2020,2020,MD,Maryland,Social Determinants of Health,Lack of health insurance among adults aged 18-64 years,lack_health_insurance_adults_18_64,Age-adjusted Prevalence,11.6,10.6,12.6,Overall,Overall
2020,2020,MD,Maryland,"Nutrition, Physical Activity, and Weight Status",No leisure-time physical activity among adults,no_leisure_physical_activity_adults,Age-adjusted Prevalence,20.6,19.6,21.7,Overall,Overall
2020,2020,MD,Maryland,"Nutrition, Physical Activity, and Weight Status",Obesity among adults,obesity_adults,Age-adjusted Prevalence,30.9,29.7,32.1,Overall,Overall
2020,2020,MD,Maryland,Social Determinants of Health,Routine checkup within the past year among adults,routine_checkup_past_year_adults,Age-adjusted Prevalence,75.7,74.6,76.9,Overall,Overall
2021,2021,MD,Maryland,Tobacco,Current cigarette smoking among adults,current_smoking_adults,Age-adjusted Prevalence,10.2,9.4,11.0,Overall,Overall
2021,2021,MD,Maryland,Diabetes,Diabetes among adults,diabetes_adults,Age-adjusted Prevalence,9.8,9.3,10.5,Overall,Overall
2021,2021,MD,Maryland,Cardiovascular Disease,High blood pressure among adults,high_blood_pressure_adults,Age-adjusted Prevalence,50.9,49.6,52.2,Overall,Overall
2021,2021,MD,Maryland,Cardiovascular Disease,High cholesterol among adults who have been screened,high_cholesterol_screened_adults,Age-adjusted Prevalence,33.3,32.1,34.5,Overall,Overall
2021,2021,MD,Maryland,Social Determinants of Health,Lack of health insurance among adults aged 18-64 years,lack_health_insurance_adults_18_64,Age-adjusted Prevalence,9.4,8.5,10.4,Overall,Overall
2021,2021,MD,Maryland,"Nutrition, Physical Activity, and Weight Status",No leisure-time physical activity among adults,no_leisure_physical_activity_adults,Age-adjusted Prevalence,21.2,20.2,22.2,Overall,Overall
2021,2021,MD,Maryland,"Nutrition, Physical Activity, and Weight Status",Obesity among adults,obesity_adults,Age-adjusted Prevalence,34.2,33.0,35.5,Overall,Overall
2021,2021,MD,Maryland,Social Determinants of Health,Routine checkup within the past year among adults,routine_checkup_past_year_adults,Age-adjusted Prevalence,73.5,72.4,74.6,Overall,Overall
2022,2022,MD,Maryland,Tobacco,Current cigarette smoking among adults,current_smoking_adults,Age-adjusted Prevalence,9.8,9.1,10.6,Overall,Overall
2022,2022,MD,Maryland,Diabetes,Diabetes among adults,diabetes_adults,Age-adjusted Prevalence,10.6,9.9,11.3,Overall,Overall
2022,2022,MD,Maryland,Social Determinants of Health,Lack of health insurance among adults aged 18-64 years,lack_health_insurance_adults_18_64,Age-adjusted Prevalence,,,,Overall,Overall
2022,2022,MD,Maryland,"Nutrition, Physical Activity, and Weight Status",No leisure-time physical activity among adults,no_leisure_physical_activity_adults,Age-adjusted Prevalence,20.5,19.5,21.5,Overall,Overall
2022,2022,MD,Maryland,"Nutrition, Physical Activity, and Weight Status",Obesity among adults,obesity_adults,Age-adjusted Prevalence,33.5,32.2,34.8,Overall,Overall
2022,2022,MD,Maryland,Social Determinants of Health,Routine checkup within the past year among adults,routine_checkup_past_year_adults,Age-adjusted Prevalence,,,,Overall,Overall
2019,2019,ME,Maine,Tobacco,Current cigarette smoking among adults,current_smoking_adults,Age-adjusted Prevalence,19.1,17.6,20.6,Overall,Overall
2019,2019,ME,Maine,Diabetes,Diabetes among adults,diabetes_adults,Age-adjusted Prevalence,8.8,8.1,9.6,Overall,Overall
2019,2019,ME,Maine,Cardiovascular Disease,High blood pressure among adults,high_blood_pressure_adults,Age-adjusted Prevalence,48.4,46.8,49.9,Overall,Overall
2019,2019,ME,Maine,Cardiovascular Disease,High cholesterol among adults who have been screened,high_cholesterol_screened_adults,Age-adjusted Prevalence,28.0,26.5,29.5,Overall,Overall
2019,2019,ME,Maine,Social Determinants of Health,Lack of health insurance among adults aged 18-64 years,lack_health_insurance_adults_18_64,Age-adjusted Prevalence,14.1,12.7,15.7,Overall,Overall
2019,2019,ME,Maine,"Nutrition, Physical Activity, and Weight Status",No leisure-time physical activity among adults,no_leisure_physical_activity_adults,Age-adjusted Prevalence,29.5,27.8,31.2,Overall,Overall
2019,2019,ME,Maine,"Nutrition, Physical Activity, and Weight Status",Obesity among adults,obesity_adults,Age-adjusted Prevalence,31.4,29.8,33.1,Overall,Overall
2019,2019,ME,Maine,Social Determinants of Health,Routine checkup within the past year among adults,routine_checkup_past_year_adults,Age-adjusted Prevalence,74.6,72.8,76.2,Overall,Overall
2020,2020,ME,Maine,Tobacco,Current cigarette smoking among adults,current_smoking_adults,Age-adjusted Prevalence,18.0,16.7,19.5,Overall,Overall
2020,2020,ME,Maine,Diabetes,Diabetes among adults,diabetes_adults,Age-adjusted Prevalence,8.3,7.6,9.0,Overall,Overall
2020,2020,ME,Maine,Social Determinants of Health,Lack of health insurance among adults aged 18-64 years,lack_health_insurance_adults_18_64,Age-adjusted Prevalence,12.0,10.7,13.5,Overall,Overall
2020,2020,ME,Maine,"Nutrition, Physical Activity, and Weight Status",No leisure-time physical activity among adults,no_leisure_physical_activity_adults,Age-adjusted Prevalence,19.7,18.4,21.1,Overall,Overall
2020,2020,ME,Maine,"Nutrition, Physical Activity, and Weight Status",Obesity among adults,obesity_adults,Age-adjusted Prevalence,31.3,29.6,33.0,Overall,Overall
2020,2020,ME,Maine,Social Determinants of Health,Routine checkup within the past year among adults,routine_checkup_past_year_adults,Age-adjusted Prevalence,77.2,75.6,78.7,Overall,Overall
2021,2021,ME,Maine,Tobacco,Current cigarette smoking among adults,current_smoking_adults,Age-adjusted Prevalence,16.9,15.7,18.1,Overall,Overall
2021,2021,ME,Maine,Diabetes,Diabetes among adults,diabetes_adults,Age-adjusted Prevalence,8.2,7.6,8.9,Overall,Overall
2021,2021,ME,Maine,Cardiovascular Disease,High blood pressure among adults,high_blood_pressure_adults,Age-adjusted Prevalence,45.8,44.4,47.3,Overall,Overall
2021,2021,ME,Maine,Cardiovascular Disease,High cholesterol among adults who have been screened,high_cholesterol_screened_adults,Age-adjusted Prevalence,27.7,26.2,29.2,Overall,Overall
2021,2021,ME,Maine,Social Determinants of Health,Lack of health insurance among adults aged 18-64 years,lack_health_insurance_adults_18_64,Age-adjusted Prevalence,7.7,6.7,8.8,Overall,Overall
2021,2021,ME,Maine,"Nutrition, Physical Activity, and Weight Status",No leisure-time physical activity among adults,no_leisure_physical_activity_adults,Age-adjusted Prevalence,24.8,23.5,26.2,Overall,Overall
2021,2021,ME,Maine,"Nutrition, Physical Activity, and Weight Status",Obesity among adults,obesity_adults,Age-adjusted Prevalence,32.1,30.6,33.6,Overall,Overall
2021,2021,ME,Maine,Social Determinants of Health,Routine checkup within the past year among adults,routine_checkup_past_year_adults,Age-adjusted Prevalence,76.5,75.1,77.9,Overall,Overall
2022,2022,ME,Maine,Tobacco,Current cigarette smoking among adults,current_smoking_adults,Age-adjusted Prevalence,16.0,14.7,17.4,Overall,Overall
2022,2022,ME,Maine,Diabetes,Diabetes among adults,diabetes_adults,Age-adjusted Prevalence,9.1,8.3,9.9,Overall,Overall
2022,2022,ME,Maine,Social Determinants of Health,Lack of health insurance among adults aged 18-64 years,lack_health_insurance_adults_18_64,Age-adjusted Prevalence,6.2,5.3,7.2,Overall,Overall
2022,2022,ME,Maine,"Nutrition, Physical Activity, and Weight Status",No leisure-time physical activity among adults,no_leisure_physical_activity_adults,Age-adjusted Prevalence,20.7,19.5,22.0,Overall,Overall
2022,2022,ME,Maine,"Nutrition, Physical Activity, and Weight Status",Obesity among adults,obesity_adults,Age-adjusted Prevalence,33.4,31.9,34.9,Overall,Overall
2022,2022,ME,Maine,Social Determinants of Health,Routine checkup within the past year among adults,routine_checkup_past_year_adults,Age-adjusted Prevalence,78.6,77.1,79.9,Overall,Overall
2019,2019,MI,Michigan,Tobacco,Current cigarette smoking among adults,current_smoking_adults,Age-adjusted Prevalence,19.6,18.4,20.8,Overall,Overall
2019,2019,MI,Michigan,Diabetes,Diabetes among adults,diabetes_adults,Age-adjusted Prevalence,9.7,9.0,10.3,Overall,Overall
2019,2019,MI,Michigan,Cardiovascular Disease,High blood pressure among adults,high_blood_pressure_adults,Age-adjusted Prevalence,51.0,49.5,52.5,Overall,Overall
2019,2019,MI,Michigan,Cardiovascular Disease,High cholesterol among adults who have been screened,high_cholesterol_screened_adults,Age-adjusted Prevalence,29.7,28.5,30.8,Overall,Overall
2019,2019,MI,Michigan,Social Determinants of Health,Lack of health insurance among adults aged 18-64 years,lack_health_insurance_adults_18_64,Age-adjusted Prevalence,11.1,10.1,12.2,Overall,Overall
2019,2019,MI,Michigan,"Nutrition, Physical Activity, and Weight Status",No leisure-time physical activity among adults,no_leisure_physical_activity_adults,Age-adjusted Prevalence,24.6,23.4,25.8,Overall,Overall
2019,2019,MI,Michigan,"Nutrition, Physical Activity, and Weight Status",Obesity among adults,obesity_adults,Age-adjusted Prevalence,35.8,34.4,37.1,Overall,Overall
2019,2019,MI,Michigan,Social Determinants of Health,Routine checkup within the past year among adults,routine_checkup_past_year_adults,Age-adjusted Prevalence,78.6,77.4,79.8,Overall,Overall
2020,2020,MI,Michigan,Tobacco,Current cigarette smoking among adults,current_smoking_adults,Age-adjusted Prevalence,19.3,17.9,20.7,Overall,Overall
2020,2020,MI,Michigan,Diabetes,Diabetes among adults,diabetes_adults,Age-adjusted Prevalence,10.7,9.9,11.6,Overall,Overall
2020,2020,MI,Michigan,Social Determinants of Health,Lack of health insurance among adults aged 18-64 years,lack_health_insurance_adults_18_64,Age-adjusted Prevalence,8.5,7.4,9.7,Overall,Overall
2020,2020,MI,Michigan,"Nutrition, Physical Activity, and Weight Status",No leisure-time physical activity among adults,no_leisure_physical_activity_adults,Age-adjusted Prevalence,20.2,18.9,21.5,Overall,Overall
2020,2020,MI,Michigan,"Nutrition, Physical Activity, and Weight Status",Obesity among adults,obesity_adults,Age-adjusted Prevalence,35.3,33.7,36.9,Overall,Overall
2020,2020,MI,Michigan,Social Determinants of Health,Routine checkup within the past year among adults,routine_checkup_past_year_adults,Age-adjusted Prevalence,75.0,73.5,76.4,Overall,Overall
2021,2021,MI,Michigan,Tobacco,Current cigarette smoking among adults,current_smoking_adults,Age-adjusted Prevalence,17.9,16.7,19.0,Overall,Overall
2021,2021,MI,Michigan,Diabetes,Diabetes among adults,diabetes_adults,Age-adjusted Prevalence,9.5,8.8,10.2,Overall,Overall
2021,2021,MI,Michigan,Cardiovascular Disease,High blood pressure among adults,high_blood_pressure_adults,Age-adjusted Prevalence,49.8,48.3,51.3,Overall,Overall
2021,2021,MI,Michigan,Cardiovascular Disease,High cholesterol among adults who have been screened,high_cholesterol_screened_adults,Age-adjusted Prevalence,31.6,30.3,32.9,Overall,Overall
2021,2021,MI,Michigan,Social Determinants of Health,Lack of health insurance among adults aged 18-64 years,lack_health_insurance_adults_18_64,Age-adjusted Prevalence,6.4,5.6,7.4,Overall,Overall
2021,2021,MI,Michigan,"Nutrition, Physical Activity, and Weight Status",No leisure-time physical activity among adults,no_leisure_physical_activity_adults,Age-adjusted Prevalence,22.2,21.0,23.3,Overall,Overall
2021,2021,MI,Michigan,"Nutrition, Physical Activity, and Weight Status",Obesity among adults,obesity_adults,Age-adjusted Prevalence,34.6,33.2,36.0,Overall,Overall
2021,2021,MI,Michigan,Social Determinants of Health,Routine checkup within the past year among adults,routine_checkup_past_year_adults,Age-adjusted Prevalence,75.3,74.1,76.6,Overall,Overall
2022,2022,MI,Michigan,Tobacco,Current cigarette smoking among adults,current_smoking_adults,Age-adjusted Prevalence,16.0,15.0,17.2,Overall,Overall
2022,2022,MI,Michigan,Diabetes,Diabetes among adults,diabetes_adults,Age-adjusted Prevalence,10.0,9.3,10.7,Overall,Overall
2022,2022,MI,Michigan,Social Determinants of Health,Lack of health insurance among adults aged 18-64 years,lack_health_insurance_adults_18_64,Age-adjusted Prevalence,,,,Overall,Overall
2022,2022,MI,Michigan,"Nutrition, Physical Activity, and Weight Status",No leisure-time physical activity among adults,no_leisure_physical_activity_adults,Age-adjusted Prevalence,22.8,21.7,24.0,Overall,Overall
2022,2022,MI,Michigan,"Nutrition, Physical Activity, and Weight Status",Obesity among adults,obesity_adults,Age-adjusted Prevalence,34.6,33.2,36.0,Overall,Overall
2022,2022,MI,Michigan,Social Determinants of Health,Routine checkup within the past year among adults,routine_checkup_past_year_adults,Age-adjusted Prevalence,,,,Overall,Overall
2019,2019,MN,Minnesota,Tobacco,Current cigarette smoking among adults,current_smoking_adults,Age-adjusted Prevalence,15.0,14.3,15.8,Overall,Overall
2019,2019,MN,Minnesota,Diabetes,Diabetes among adults,diabetes_adults,Age-adjusted Prevalence,7.9,7.4,8.4,Overall,Overall
2019,2019,MN,Minnesota,Cardiovascular Disease,High blood pressure among adults,high_blood_pressure_adults,Age-adjusted Prevalence,44.1,42.9,45.2,Overall,Overall
2019,2019,MN,Minnesota,Cardiovascular Disease,High cholesterol among adults who have been screened,high_cholesterol_screened_adults,Age-adjusted Prevalence,25.4,24.5,26.2,Overall,Overall
2019,2019,MN,Minnesota,Social Determinants of Health,Lack of health insurance among adults aged 18-64 years,lack_health_insurance_adults_18_64,Age-adjusted Prevalence,10.0,9.3,10.7,Overall,Overall
2019,2019,MN,Minnesota,"Nutrition, Physical Activity, and Weight Status",No leisure-time physical activity among adults,no_leisure_physical_activity_adults,Age-adjusted Prevalence,19.7,18.9,20.5,Overall,Overall
2019,2019,MN,Minnesota,"Nutrition, Physical Activity, and Weight Status",Obesity among adults,obesity_adults,Age-adjusted Prevalence,30.0,29.0,30.9,Overall,Overall
2019,2019,MN,Minnesota,Social Determinants of Health,Routine checkup within the past year among adults,routine_checkup_past_year_adults,Age-adjusted Prevalence,72.5,71.6,73.4,Overall,Overall
2020,2020,MN,Minnesota,Tobacco,Current cigarette smoking among adults,current_smoking_adults,Age-adjusted Prevalence,14.3,13.6,15.0,Overall,Overall
2020,2020,MN,Minnesota,Diabetes,Diabetes among adults,diabetes_adults,Age-adjusted Prevalence,7.9,7.4,8.3,Overall,Overall
2020,2020,MN,Minnesota,Social Determinants of Health,Lack of health insurance among adults aged 18-64 years,lack_health_insurance_adults_18_64,Age-adjusted Prevalence,10.1,9.5,10.9,Overall,Overall
2020,2020,MN,Minnesota,"Nutrition, Physical Activity, and Weight Status",No leisure-time physical activity among adults,no_leisure_physical_activity_adults,Age-adjusted Prevalence,18.7,17.9,19.4,Overall,Overall
2020,2020,MN,Minnesota,"Nutrition, Physical Activity, and Weight Status",Obesity among adults,obesity_adults,Age-adjusted Prevalence,30.6,29.7,31.5,Overall,Overall
2020,2020,MN,Minnesota,Social Determinants of Health,Routine checkup within the past year among adults,routine_checkup_past_year_adults,Age-adjusted Prevalence,70.2,69.3,71.1,Overall,Overall
2021,2021,MN,Minnesota,Tobacco,Current cigarette smoking among adults,current_smoking_adults,Age-adjusted Prevalence,13.9,13.2,14.6,Overall,Overall
2021,2021,MN,Minnesota,Diabetes,Diabetes among adults,diabetes_adults,Age-adjusted Prevalence,8.0,7.5,8.4,Overall,Overall
2021,2021,MN,Minnesota,Cardiovascular Disease,High blood pressure among adults,high_blood_pressure_adults,Age-adjusted Prevalence,43.9,42.8,45.0,Overall,Overall
2021,2021,MN,Minnesota,Cardiovascular Disease,High cholesterol among adults who have been screened,high_cholesterol_screened_adults,Age-adjusted Prevalence,26.2,25.3,27.1,Overall,Overall
2021,2021,MN,Minnesota,Social Determinants of Health,Lack of health insurance among adults aged 18-64 years,lack_health_insurance_adults_18_64,Age-adjusted Prevalence,6.4,5.8,7.1,Overall,Overall
2021,2021,MN,Minnesota,"Nutrition, Physical Activity, and Weight Status",No leisure-time physical activity among adults,no_leisure_physical_activity_adults,Age-adjusted Prevalence,19.6,18.8,20.4,Overall,Overall
2021,2021,MN,Minnesota,"Nutrition, Physical Activity, and Weight Status",Obesity among adults,obesity_adults,Age-adjusted Prevalence,32.4,31.5,33.4,Overall,Overall
2021,2021,MN,Minnesota,Social Determinants of Health,Routine checkup within the past year among adults,routine_checkup_past_year_adults,Age-adjusted Prevalence,67.9,66.9,68.8,Overall,Overall
2022,2022,MN,Minnesota,Tobacco,Current cigarette smoking among adults,current_smoking_adults,Age-adjusted Prevalence,13.4,12.6,14.2,Overall,Overall
2022,2022,MN,Minnesota,Diabetes,Diabetes among adults,diabetes_adults,Age-adjusted Prevalence,9.0,8.5,9.6,Overall,Overall
2022,2022,MN,Minnesota,Social Determinants of Health,Lack of health insurance among adults aged 18-64 years,lack_health_insurance_adults_18_64,Age-adjusted Prevalence,6.2,5.5,6.9,Overall,Overall
2022,2022,MN,Minnesota,"Nutrition, Physical Activity, and Weight Status",No leisure-time physical activity among adults,no_leisure_physical_activity_adults,Age-adjusted Prevalence,19.9,19.0,20.8,Overall,Overall
2022,2022,MN,Minnesota,"Nutrition, Physical Activity, and Weight Status",Obesity among adults,obesity_adults,Age-adjusted Prevalence,33.6,32.5,34.6,Overall,Overall
2022,2022,MN,Minnesota,Social Determinants of Health,Routine checkup within the past year among adults,routine_checkup_past_year_adults,Age-adjusted Prevalence,70.7,69.7,71.7,Overall,Overall
2019,2019,MO,Missouri,Tobacco,Current cigarette smoking among adults,current_smoking_adults,Age-adjusted Prevalence,20.5,19.1,22.0,Overall,Overall
2019,2019,MO,Missouri,Diabetes,Diabetes among adults,diabetes_adults,Age-adjusted Prevalence,9.1,8.4,9.9,Overall,Overall
2019,2019,MO,Missouri,Cardiovascular Disease,High blood pressure among adults,high_blood_pressure_adults,Age-adjusted Prevalence,46.1,44.3,48.0,Overall,Overall
2019,2019,MO,Missouri,Cardiovascular Disease,High cholesterol among adults who have been screened,high_cholesterol_screened_adults,Age-adjusted Prevalence,30.1,28.5,31.8,Overall,Overall
2019,2019,MO,Missouri,Social Determinants of Health,Lack of health insurance among adults aged 18-64 years,lack_health_insurance_adults_18_64,Age-adjusted Prevalence,16.8,15.4,18.5,Overall,Overall
2019,2019,MO,Missouri,"Nutrition, Physical Activity, and Weight Status",No leisure-time physical activity among adults,no_leisure_physical_activity_adults,Age-adjusted Prevalence,29.6,28.1,31.2,Overall,Overall
2019,2019,MO,Missouri,"Nutrition, Physical Activity, and Weight Status",Obesity among adults,obesity_adults,Age-adjusted Prevalence,34.6,32.9,36.3,Overall,Overall
2019,2019,MO,Missouri,Social Determinants of Health,Routine checkup within the past year among adults,routine_checkup_past_year_adults,Age-adjusted Prevalence,75.4,73.8,76.9,Overall,Overall
2020,2020,MO,Missouri,Tobacco,Current cigarette smoking among adults,current_smoking_adults,Age-adjusted Prevalence,18.6,17.4,19.8,Overall,Overall
2020,2020,MO,Missouri,Diabetes,Diabetes among adults,diabetes_adults,Age-adjusted Prevalence,9.5,8.8,10.3,Overall,Overall
2020,2020,MO,Missouri,Social Determinants of Health,Lack of health insurance among adults aged 18-64 years,lack_health_insurance_adults_18_64,Age-adjusted Prevalence,16.2,14.9,17.5,Overall,Overall
2020,2020,MO,Missouri,"Nutrition, Physical Activity, and Weight Status",No leisure-time physical activity among adults,no_leisure_physical_activity_adults,Age-adjusted Prevalence,24.9,23.7,26.1,Overall,Overall
2020,2020,MO,Missouri,"Nutrition, Physical Activity, and Weight Status",Obesity among adults,obesity_adults,Age-adjusted Prevalence,34.2,32.8,35.6,Overall,Overall
2020,2020,MO,Missouri,Social Determinants of Health,Routine checkup within the past year among adults,routine_checkup_past_year_adults,Age-adjusted Prevalence,73.2,71.9,74.5,Overall,Overall
2021,2021,MO,Missouri,Tobacco,Current cigarette smoking among adults,current_smoking_adults,Age-adjusted Prevalence,18.1,16.9,19.2,Overall,Overall
2021,2021,MO,Missouri,Diabetes,Diabetes among adults,diabetes_adults,Age-adjusted Prevalence,10.0,9.3,10.8,Overall,Overall
2021,2021,MO,Missouri,Cardiovascular Disease,High blood pressure among adults,high_blood_pressure_adults,Age-adjusted Prevalence,51.0,49.3,52.8,Overall,Overall
2021,2021,MO,Missouri,Cardiovascular Disease,High cholesterol among adults who have been screened,high_cholesterol_screened_adults,Age-adjusted Prevalence,30.7,29.2,32.1,Overall,Overall
2021,2021,MO,Missouri,Social Determinants of Health,Lack of health insurance among adults aged 18-64 years,lack_health_insurance_adults_18_64,Age-adjusted Prevalence,12.4,11.3,13.7,Overall,Overall
2021,2021,MO,Missouri,"Nutrition, Physical Activity, and Weight Status",No leisure-time physical activity among adults,no_leisure_physical_activity_adults,Age-adjusted Prevalence,24.2,23.0,25.5,Overall,Overall
2021,2021,MO,Missouri,"Nutrition, Physical Activity, and Weight Status",Obesity among adults,obesity_adults,Age-adjusted Prevalence,37.6,36.2,39.1,Overall,Overall
2021,2021,MO,Missouri,Social Determinants of Health,Routine checkup within the past year among adults,routine_checkup_past_year_adults,Age-adjusted Prevalence,74.7,73.4,76.0,Overall,Overall
2022,2022,MO,Missouri,Tobacco,Current cigarette smoking among adults,current_smoking_adults,Age-adjusted Prevalence,17.8,16.5,19.1,Overall,Overall
2022,2022,MO,Missouri,Diabetes,Diabetes among adults,diabetes_adults,Age-adjusted Prevalence,10.2,9.4,11.1,Overall,Overall
2022,2022,MO,Missouri,Social Determinants of Health,Lack of health insurance among adults aged 18-64 years,lack_health_insurance_adults_18_64,Age-adjusted Prevalence,11.8,10.5,13.2,Overall,Overall
2022,2022,MO,Missouri,"Nutrition, Physical Activity, and Weight Status",No leisure-time physical activity among adults,no_leisure_physical_activity_adults,Age-adjusted Prevalence,24.2,22.8,25.6,Overall,Overall
2022,2022,MO,Missouri,"Nutrition, Physical Activity, and Weight Status",Obesity among adults,obesity_adults,Age-adjusted Prevalence,36.7,35.1,38.4,Overall,Overall
2022,2022,MO,Missouri,Social Determinants of Health,Routine checkup within the past year among adults,routine_checkup_past_year_adults,Age-adjusted Prevalence,74.2,72.7,75.7,Overall,Overall
2019,2019,MS,Mississippi,Tobacco,Current cigarette smoking among adults,current_smoking_adults,Age-adjusted Prevalence,21.2,19.6,22.9,Overall,Overall
2019,2019,MS,Mississippi,Diabetes,Diabetes among adults,diabetes_adults,Age-adjusted Prevalence,13.5,12.5,14.5,Overall,Overall
2019,2019,MS,Mississippi,Cardiovascular Disease,High blood pressure among adults,high_blood_pressure_adults,Age-adjusted Prevalence,62.0,60.0,64.0,Overall,Overall
2019,2019,MS,Mississippi,Cardiovascular Disease,High cholesterol among adults who have been screened,high_cholesterol_screened_adults,Age-adjusted Prevalence,31.9,30.2,33.5,Overall,Overall
2019,2019,MS,Mississippi,Social Determinants of Health,Lack of health insurance among adults aged 18-64 years,lack_health_insurance_adults_18_64,Age-adjusted Prevalence,22.0,20.1,23.9,Overall,Overall
2019,2019,MS,Mississippi,"Nutrition, Physical Activity, and Weight Status",No leisure-time physical activity among adults,no_leisure_physical_activity_adults,Age-adjusted Prevalence,36.9,35.1,38.7,Overall,Overall
2019,2019,MS,Mississippi,"Nutrition, Physical Activity, and Weight Status",Obesity among adults,obesity_adults,Age-adjusted Prevalence,41.2,39.3,43.1,Overall,Overall
2019,2019,MS,Mississippi,Social Determinants of Health,Routine checkup within the past year among adults,routine_checkup_past_year_adults,Age-adjusted Prevalence,77.5,75.7,79.1,Overall,Overall
2020,2020,MS,Mississippi,Tobacco,Current cigarette smoking among adults,current_smoking_adults,Age-adjusted Prevalence,20.7,19.3,22.2,Overall,Overall
2020,2020,MS,Mississippi,Diabetes,Diabetes among adults,diabetes_adults,Age-adjusted Prevalence,13.3,12.3,14.3,Overall,Overall
2020,2020,MS,Mississippi,Social Determinants of Health,Lack of health insurance among adults aged 18-64 years,lack_health_insurance_adults_18_64,Age-adjusted Prevalence,22.2,20.5,24.1,Overall,Overall
2020,2020,MS,Mississippi,"Nutrition, Physical Activity, and Weight Status",No leisure-time physical activity among adults,no_leisure_physical_activity_adults,Age-adjusted Prevalence,28.9,27.4,30.4,Overall,Overall
2020,2020,MS,Mississippi,"Nutrition, Physical Activity, and Weight Status",Obesity among adults,obesity_adults,Age-adjusted Prevalence,39.9,38.2,41.6,Overall,Overall
2020,2020,MS,Mississippi,Social Determinants of Health,Routine checkup within the past year among adults,routine_checkup_past_year_adults,Age-adjusted Prevalence,77.1,75.5,78.6,Overall,Overall
2021,2021,MS,Mississippi,Tobacco,Current cigarette smoking among adults,current_smoking_adults,Age-adjusted Prevalence,20.3,18.5,22.3,Overall,Overall
2021,2021,MS,Mississippi,Diabetes,Diabetes among adults,diabetes_adults,Age-adjusted Prevalence,13.8,12.6,15.1,Overall,Overall
2021,2021,MS,Mississippi,Cardiovascular Disease,High blood pressure among adults,high_blood_pressure_adults,Age-adjusted Prevalence,63.7,61.5,65.8,Overall,Overall
2021,2021,MS,Mississippi,Cardiovascular Disease,High cholesterol among adults who have been screened,high_cholesterol_screened_adults,Age-adjusted Prevalence,32.8,30.8,34.8,Overall,Overall
2021,2021,MS,Mississippi,Social Determinants of Health,Lack of health insurance among adults aged 18-64 years,lack_health_insurance_adults_18_64,Age-adjusted Prevalence,13.5,11.8,15.4,Overall,Overall
2021,2021,MS,Mississippi,"Nutrition, Physical Activity, and Weight Status",No leisure-time physical activity among adults,no_leisure_physical_activity_adults,Age-adjusted Prevalence,30.2,28.3,32.1,Overall,Overall
2021,2021,MS,Mississippi,"Nutrition, Physical Activity, and Weight Status",Obesity among adults,obesity_adults,Age-adjusted Prevalence,39.4,37.4,41.5,Overall,Overall
2021,2021,MS,Mississippi,Social Determinants of Health,Routine checkup within the past year among adults,routine_checkup_past_year_adults,Age-adjusted Prevalence,78.2,76.3,80.0,Overall,Overall
2022,2022,MS,Mississippi,Tobacco,Current cigarette smoking among adults,current_smoking_adults,Age-adjusted Prevalence,18.1,16.5,19.8,Overall,Overall
2022,2022,MS,Mississippi,Diabetes,Diabetes among adults,diabetes_adults,Age-adjusted Prevalence,13.9,12.7,15.3,Overall,Overall
2022,2022,MS,Mississippi,Social Determinants of Health,Lack of health insurance among adults aged 18-64 years,lack_health_insurance_adults_18_64,Age-adjusted Prevalence,13.5,11.8,15.3,Overall,Overall
2022,2022,MS,Mississippi,"Nutrition, Physical Activity, and Weight Status",No leisure-time physical activity among adults,no_leisure_physical_activity_adults,Age-adjusted Prevalence,30.9,29.1,32.8,Overall,Overall
2022,2022,MS,Mississippi,"Nutrition, Physical Activity, and Weight Status",Obesity among adults,obesity_adults,Age-adjusted Prevalence,40.1,38.1,42.1,Overall,Overall
2022,2022,MS,Mississippi,Social Determinants of Health,Routine checkup within the past year among adults,routine_checkup_past_year_adults,Age-adjusted Prevalence,78.6,76.9,80.3,Overall,Overall
2019,2019,MT,Montana,Tobacco,Current cigarette smoking among adults,current_smoking_adults,Age-adjusted Prevalence,17.5,16.3,18.8,Overall,Overall
2019,2019,MT,Montana,Diabetes,Diabetes among adults,diabetes_adults,Age-adjusted Prevalence,6.4,5.8,7.1,Overall,Overall
2019,2019,MT,Montana,Cardiovascular Disease,High blood pressure among adults,high_blood_pressure_adults,Age-adjusted Prevalence,42.3,40.6,44.1,Overall,Overall
2019,2019,MT,Montana,Cardiovascular Disease,High cholesterol among adults who have been screened,high_cholesterol_screened_adults,Age-adjusted Prevalence,24.6,23.4,26.0,Overall,Overall
2019,2019,MT,Montana,Social Determinants of Health,Lack of health insurance among adults aged 18-64 years,lack_health_insurance_adults_18_64,Age-adjusted Prevalence,12.3,11.1,13.6,Overall,Overall
2019,2019,MT,Montana,"Nutrition, Physical Activity, and Weight Status",No leisure-time physical activity among adults,no_leisure_physical_activity_adults,Age-adjusted Prevalence,18.6,17.4,19.8,Overall,Overall
2019,2019,MT,Montana,"Nutrition, Physical Activity, and Weight Status",Obesity among adults,obesity_adults,Age-adjusted Prevalence,28.0,26.6,29.5,Overall,Overall
2019,2019,MT,Montana,Social Determinants of Health,Routine checkup within the past year among adults,routine_checkup_past_year_adults,Age-adjusted Prevalence,70.5,69.0,72.0,Overall,Overall
2020,2020,MT,Montana,Tobacco,Current cigarette smoking among adults,current_smoking_adults,Age-adjusted Prevalence,17.5,16.2,18.9,Overall,Overall
2020,2020,MT,Montana,Diabetes,Diabetes among adults,diabetes_adults,Age-adjusted Prevalence,7.8,7.1,8.6,Overall,Overall
2020,2020,MT,Montana,Social Determinants of Health,Lack of health insurance among adults aged 18-64 years,lack_health_insurance_adults_18_64,Age-adjusted Prevalence,11.6,10.4,12.9,Overall,Overall
2020,2020,MT,Montana,"Nutrition, Physical Activity, and Weight Status",No leisure-time physical activity among adults,no_leisure_physical_activity_adults,Age-adjusted Prevalence,18.0,16.8,19.2,Overall,Overall
2020,2020,MT,Montana,"Nutrition, Physical Activity, and Weight Status",Obesity among adults,obesity_adults,Age-adjusted Prevalence,28.9,27.3,30.4,Overall,Overall
2020,2020,MT,Montana,Social Determinants of Health,Routine checkup within the past year among adults,routine_checkup_past_year_adults,Age-adjusted Prevalence,68.1,66.5,69.6,Overall,Overall
2021,2021,MT,Montana,Tobacco,Current cigarette smoking among adults,current_smoking_adults,Age-adjusted Prevalence,15.3,14.0,16.6,Overall,Overall
2021,2021,MT,Montana,Diabetes,Diabetes among adults,diabetes_adults,Age-adjusted Prevalence,7.7,7.0,8.5,Overall,Overall
2021,2021,MT,Montana,Cardiovascular Disease,High blood pressure among adults,high_blood_pressure_adults,Age-adjusted Prevalence,42.8,41.0,44.6,Overall,Overall
2021,2021,MT,Montana,Cardiovascular Disease,High cholesterol among adults who have been screened,high_cholesterol_screened_adults,Age-adjusted Prevalence,24.8,23.2,26.3,Overall,Overall
2021,2021,MT,Montana,Social Determinants of Health,Lack of health insurance among adults aged 18-64 years,lack_health_insurance_adults_18_64,Age-adjusted Prevalence,9.4,8.2,10.7,Overall,Overall
2021,2021,MT,Montana,"Nutrition, Physical Activity, and Weight Status",No leisure-time physical activity among adults,no_leisure_physical_activity_adults,Age-adjusted Prevalence,19.9,18.5,21.2,Overall,Overall
2021,2021,MT,Montana,"Nutrition, Physical Activity, and Weight Status",Obesity among adults,obesity_adults,Age-adjusted Prevalence,31.8,30.1,33.4,Overall,Overall
2021,2021,MT,Montana,Social Determinants of Health,Routine checkup within the past year among adults,routine_checkup_past_year_adults,Age-adjusted Prevalence,68.4,66.7,70.0,Overall,Overall
2022,2022,MT,Montana,Tobacco,Current cigarette smoking among adults,current_smoking_adults,Age-adjusted Prevalence,16.0,14.8,17.4,Overall,Overall
2022,2022,MT,Montana,Diabetes,Diabetes among adults,diabetes_adults,Age-adjusted Prevalence,7.1,6.5,7.8,Overall,Overall
2022,2022,MT,Montana,Social Determinants of Health,Lack of health insurance among adults aged 18-64 years,lack_health_insurance_adults_18_64,Age-adjusted Prevalence,8.6,7.5,9.7,Overall,Overall
2022,2022,MT,Montana,"Nutrition, Physical Activity, and Weight Status",No leisure-time physical activity among adults,no_leisure_physical_activity_adults,Age-adjusted Prevalence,18.5,17.4,19.7,Overall,Overall
2022,2022,MT,Montana,"Nutrition, Physical Activity, and Weight Status",Obesity among adults,obesity_adults,Age-adjusted Prevalence,30.8,29.3,32.3,Overall,Overall
2022,2022,MT,Montana,Social Determinants of Health,Routine checkup within the past year among adults,routine_checkup_past_year_adults,Age-adjusted Prevalence,71.3,69.8,72.7,Overall,Overall
2019,2019,NC,North Carolina,Tobacco,Current cigarette smoking among adults,current_smoking_adults,Age-adjusted Prevalence,19.2,17.7,20.8,Overall,Overall
2019,2019,NC,North Carolina,Diabetes,Diabetes among adults,diabetes_adults,Age-adjusted Prevalence,10.7,9.8,11.7,Overall,Overall
2019,2019,NC,North Carolina,Cardiovascular Disease,High blood pressure among adults,high_blood_pressure_adults,Age-adjusted Prevalence,51.8,49.6,54.0,Overall,Overall
2019,2019,NC,North Carolina,Cardiovascular Disease,High cholesterol among adults who have been screened,high_cholesterol_screened_adults,Age-adjusted Prevalence,30.5,28.9,32.2,Overall,Overall
2019,2019,NC,North Carolina,Social Determinants of Health,Lack of health insurance among adults aged 18-64 years,lack_health_insurance_adults_18_64,Age-adjusted Prevalence,19.4,17.8,21.2,Overall,Overall
2019,2019,NC,North Carolina,"Nutrition, Physical Activity, and Weight Status",No leisure-time physical activity among adults,no_leisure_physical_activity_adults,Age-adjusted Prevalence,25.9,24.3,27.5,Overall,Overall
2019,2019,NC,North Carolina,"Nutrition, Physical Activity, and Weight Status",Obesity among adults,obesity_adults,Age-adjusted Prevalence,34.0,32.2,35.9,Overall,Overall
2019,2019,NC,North Carolina,Social Determinants of Health,Routine checkup within the past year among adults,routine_checkup_past_year_adults,Age-adjusted Prevalence,77.6,76.0,79.1,Overall,Overall
2020,2020,NC,North Carolina,Tobacco,Current cigarette smoking among adults,current_smoking_adults,Age-adjusted Prevalence,17.0,15.7,18.3,Overall,Overall
2020,2020,NC,North Carolina,Diabetes,Diabetes among adults,diabetes_adults,Age-adjusted Prevalence,11.1,10.2,12.1,Overall,Overall
2020,2020,NC,North Carolina,Social Determinants of Health,Lack of health insurance among adults aged 18-64 years,lack_health_insurance_adults_18_64,Age-adjusted Prevalence,19.3,17.8,20.8,Overall,Overall
2020,2020,NC,North Carolina,"Nutrition, Physical Activity, and Weight Status",No leisure-time physical activity among adults,no_leisure_physical_activity_adults,Age-adjusted Prevalence,21.9,20.5,23.3,Overall,Overall
2020,2020,NC,North Carolina,"Nutrition, Physical Activity, and Weight Status",Obesity among adults,obesity_adults,Age-adjusted Prevalence,33.6,31.9,35.3,Overall,Overall
2020,2020,NC,North Carolina,Social Determinants of Health,Routine checkup within the past year among adults,routine_checkup_past_year_adults,Age-adjusted Prevalence,78.7,77.3,80.0,Overall,Overall
2021,2021,NC,North Carolina,Tobacco,Current cigarette smoking among adults,current_smoking_adults,Age-adjusted Prevalence,15.0,13.7,16.4,Overall,Overall
2021,2021,NC,North Carolina,Diabetes,Diabetes among adults,diabetes_adults,Age-adjusted Prevalence,11.2,10.2,12.2,Overall,Overall
2021,2021,NC,North Carolina,Cardiovascular Disease,High blood pressure among adults,high_blood_pressure_adults,Age-adjusted Prevalence,52.4,50.3,54.6,Overall,Overall
2021,2021,NC,North Carolina,Cardiovascular Disease,High cholesterol among adults who have been screened,high_cholesterol_screened_adults,Age-adjusted Prevalence,31.4,29.7,33.0,Overall,Overall
2021,2021,NC,North Carolina,Social Determinants of Health,Lack of health insurance among adults aged 18-64 years,lack_health_insurance_adults_18_64,Age-adjusted Prevalence,13.7,12.3,15.2,Overall,Overall
2021,2021,NC,North Carolina,"Nutrition, Physical Activity, and Weight Status",No leisure-time physical activity among adults,no_leisure_physical_activity_adults,Age-adjusted Prevalence,21.6,20.2,23.2,Overall,Overall
2021,2021,NC,North Carolina,"Nutrition, Physical Activity, and Weight Status",Obesity among adults,obesity_adults,Age-adjusted Prevalence,36.4,34.6,38.3,Overall,Overall
2021,2021,NC,North Carolina,Social Determinants of Health,Routine checkup within the past year among adults,routine_checkup_past_year_adults,Age-adjusted Prevalence,77.8,76.2,79.3,Overall,Overall
2022,2022,NC,North Carolina,Tobacco,Current cigarette smoking among adults,current_smoking_adults,Age-adjusted Prevalence,14.9,13.4,16.7,Overall,Overall
2022,2022,NC,North Carolina,Diabetes,Diabetes among adults,diabetes_adults,Age-adjusted Prevalence,10.8,9.7,12.0,Overall,Overall
2022,2022,NC,North Carolina,Social Determinants of Health,Lack of health insurance among adults aged 18-64 years,lack_health_insurance_adults_18_64,Age-adjusted Prevalence,12.8,11.4,14.3,Overall,Overall
2022,2022,NC,North Carolina,"Nutrition, Physical Activity, and Weight Status",No leisure-time physical activity among adults,no_leisure_physical_activity_adults,Age-adjusted Prevalence,22.7,21.0,24.4,Overall,Overall
2022,2022,NC,North Carolina,"Nutrition, Physical Activity, and Weight Status",Obesity among adults,obesity_adults,Age-adjusted Prevalence,34.2,32.2,36.3,Overall,Overall
2022,2022,NC,North Carolina,Social Determinants of Health,Routine checkup within the past year among adults,routine_checkup_past_year_adults,Age-adjusted Prevalence,75.6,73.8,77.3,Overall,Overall
2019,2019,ND,North Dakota,Tobacco,Current cigarette smoking among adults,current_smoking_adults,Age-adjusted Prevalence,17.5,15.9,19.1,Overall,Overall
2019,2019,ND,North Dakota,Diabetes,Diabetes among adults,diabetes_adults,Age-adjusted Prevalence,8.3,7.5,9.1,Overall,Overall
2019,2019,ND,North Dakota,Cardiovascular Disease,High blood pressure among adults,high_blood_pressure_adults,Age-adjusted Prevalence,46.9,45.0,48.9,Overall,Overall
2019,2019,ND,North Dakota,Cardiovascular Disease,High cholesterol among adults who have been screened,high_cholesterol_screened_adults,Age-adjusted Prevalence,24.4,23.0,25.9,Overall,Overall
2019,2019,ND,North Dakota,Social Determinants of Health,Lack of health insurance among adults aged 18-64 years,lack_health_insurance_adults_18_64,Age-adjusted Prevalence,9.0,7.6,10.6,Overall,Overall
2019,2019,ND,North Dakota,"Nutrition, Physical Activity, and Weight Status",No leisure-time physical activity among adults,no_leisure_physical_activity_adults,Age-adjusted Prevalence,27.9,26.2,29.8,Overall,Overall
2019,2019,ND,North Dakota,"Nutrition, Physical Activity, and Weight Status",Obesity among adults,obesity_adults,Age-adjusted Prevalence,35.8,34.0,37.8,Overall,Overall
2019,2019,ND,North Dakota,Social Determinants of Health,Routine checkup within the past year among adults,routine_checkup_past_year_adults,Age-adjusted Prevalence,71.3,69.4,73.1,Overall,Overall
2020,2020,ND,North Dakota,Tobacco,Current cigarette smoking among adults,current_smoking_adults,Age-adjusted Prevalence,17.9,16.1,19.7,Overall,Overall
2020,2020,ND,North Dakota,Diabetes,Diabetes among adults,diabetes_adults,Age-adjusted Prevalence,9.4,8.4,10.5,Overall,Overall
2020,2020,ND,North Dakota,Social Determinants of Health,Lack of health insurance among adults aged 18-64 years,lack_health_insurance_adults_18_64,Age-adjusted Prevalence,10.3,8.7,12.2,Overall,Overall
2020,2020,ND,North Dakota,"Nutrition, Physical Activity, and Weight Status",No leisure-time physical activity among adults,no_leisure_physical_activity_adults,Age-adjusted Prevalence,24.6,22.8,26.4,Overall,Overall
2020,2020,ND,North Dakota,"Nutrition, Physical Activity, and Weight Status",Obesity among adults,obesity_adults,Age-adjusted Prevalence,33.6,31.5,35.7,Overall,Overall
2020,2020,ND,North Dakota,Social Determinants of Health,Routine checkup within the past year among adults,routine_checkup_past_year_adults,Age-adjusted Prevalence,69.2,67.1,71.2,Overall,Overall
2021,2021,ND,North Dakota,Tobacco,Current cigarette smoking among adults,current_smoking_adults,Age-adjusted Prevalence,15.9,14.6,17.3,Overall,Overall
2021,2021,ND,North Dakota,Diabetes,Diabetes among adults,diabetes_adults,Age-adjusted Prevalence,8.9,8.1,9.8,Overall,Overall
2021,2021,ND,North Dakota,Cardiovascular Disease,High blood pressure among adults,high_blood_pressure_adults,Age-adjusted Prevalence,47.7,45.9,49.6,Overall,Overall
2021,2021,ND,North Dakota,Cardiovascular Disease,High cholesterol among adults who have been screened,high_cholesterol_screened_adults,Age-adjusted Prevalence,29.0,27.2,30.8,Overall,Overall
2021,2021,ND,North Dakota,Social Determinants of Health,Lack of health insurance among adults aged 18-64 years,lack_health_insurance_adults_18_64,Age-adjusted Prevalence,7.5,6.4,8.8,Overall,Overall
2021,2021,ND,North Dakota,"Nutrition, Physical Activity, and Weight Status",No leisure-time physical activity among adults,no_leisure_physical_activity_adults,Age-adjusted Prevalence,25.3,23.8,26.9,Overall,Overall
2021,2021,ND,North Dakota,"Nutrition, Physical Activity, and Weight Status",Obesity among adults,obesity_adults,Age-adjusted Prevalence,35.7,34.0,37.5,Overall,Overall
2021,2021,ND,North Dakota,Social Determinants of Health,Routine checkup within the past year among adults,routine_checkup_past_year_adults,Age-adjusted Prevalence,71.3,69.7,72.9,Overall,Overall
2022,2022,ND,North Dakota,Tobacco,Current cigarette smoking among adults,current_smoking_adults,Age-adjusted Prevalence,15.8,14.4,17.4,Overall,Overall
2022,2022,ND,North Dakota,Diabetes,Diabetes among adults,diabetes_adults,Age-adjusted Prevalence,9.0,8.1,10.0,Overall,Overall
2022,2022,ND,North Dakota,Social Determinants of Health,Lack of health insurance among adults aged 18-64 years,lack_health_insurance_adults_18_64,Age-adjusted Prevalence,,,,Overall,Overall
2022,2022,ND,North Dakota,"Nutrition, Physical Activity, and Weight Status",No leisure-time physical activity among adults,no_leisure_physical_activity_adults,Age-adjusted Prevalence,23.6,22.1,25.3,Overall,Overall
2022,2022,ND,North Dakota,"Nutrition, Physical Activity, and Weight Status",Obesity among adults,obesity_adults,Age-adjusted Prevalence,36.2,34.3,38.1,Overall,Overall
2022,2022,ND,North Dakota,Social Determinants of Health,Routine checkup within the past year among adults,routine_checkup_past_year_adults,Age-adjusted Prevalence,,,,Overall,Overall
2019,2019,NE,Nebraska,Tobacco,Current cigarette smoking among adults,current_smoking_adults,Age-adjusted Prevalence,15.2,14.3,16.1,Overall,Overall
2019,2019,NE,Nebraska,Diabetes,Diabetes among adults,diabetes_adults,Age-adjusted Prevalence,9.2,8.7,9.8,Overall,Overall
2019,2019,NE,Nebraska,Cardiovascular Disease,High blood pressure among adults,high_blood_pressure_adults,Age-adjusted Prevalence,47.0,45.8,48.3,Overall,Overall
2019,2019,NE,Nebraska,Cardiovascular Disease,High cholesterol among adults who have been screened,high_cholesterol_screened_adults,Age-adjusted Prevalence,26.6,25.6,27.6,Overall,Overall
2019,2019,NE,Nebraska,Social Determinants of Health,Lack of health insurance among adults aged 18-64 years,lack_health_insurance_adults_18_64,Age-adjusted Prevalence,17.5,16.4,18.6,Overall,Overall
2019,2019,NE,Nebraska,"Nutrition, Physical Activity, and Weight Status",No leisure-time physical activity among adults,no_leisure_physical_activity_adults,Age-adjusted Prevalence,26.6,25.6,27.7,Overall,Overall
2019,2019,NE,Nebraska,"Nutrition, Physical Activity, and Weight Status",Obesity among adults,obesity_adults,Age-adjusted Prevalence,34.3,33.2,35.5,Overall,Overall
2019,2019,NE,Nebraska,Social Determinants of Health,Routine checkup within the past year among adults,routine_checkup_past_year_adults,Age-adjusted Prevalence,71.5,70.4,72.6,Overall,Overall
2020,2020,NE,Nebraska,Tobacco,Current cigarette smoking among adults,current_smoking_adults,Age-adjusted Prevalence,14.5,13.6,15.5,Overall,Overall
2020,2020,NE,Nebraska,Diabetes,Diabetes among adults,diabetes_adults,Age-adjusted Prevalence,9.0,8.4,9.7,Overall,Overall
2020,2020,NE,Nebraska,Social Determinants of Health,Lack of health insurance among adults aged 18-64 years,lack_health_insurance_adults_18_64,Age-adjusted Prevalence,15.2,14.1,16.3,Overall,Overall
2020,2020,NE,Nebraska,"Nutrition, Physical Activity, and Weight Status",No leisure-time physical activity among adults,no_leisure_physical_activity_adults,Age-adjusted Prevalence,21.0,20.0,22.0,Overall,Overall
2020,2020,NE,Nebraska,"Nutrition, Physical Activity, and Weight Status",Obesity among adults,obesity_adults,Age-adjusted Prevalence,34.0,32.8,35.3,Overall,Overall
2020,2020,NE,Nebraska,Social Determinants of Health,Routine checkup within the past year among adults,routine_checkup_past_year_adults,Age-adjusted Prevalence,71.4,70.2,72.5,Overall,Overall
2021,2021,NE,Nebraska,Tobacco,Current cigarette smoking among adults,current_smoking_adults,Age-adjusted Prevalence,13.9,13.1,14.8,Overall,Overall
2021,2021,NE,Nebraska,Diabetes,Diabetes among adults,diabetes_adults,Age-adjusted Prevalence,8.7,8.2,9.3,Overall,Overall
2021,2021,NE,Nebraska,Cardiovascular Disease,High blood pressure among adults,high_blood_pressure_adults,Age-adjusted Prevalence,48.1,46.8,49.4,Overall,Overall
2021,2021,NE,Nebraska,Cardiovascular Disease,High cholesterol among adults who have been screened,high_cholesterol_screened_adults,Age-adjusted Prevalence,29.3,28.2,30.4,Overall,Overall
2021,2021,NE,Nebraska,Social Determinants of Health,Lack of health insurance among adults aged 18-64 years,lack_health_insurance_adults_18_64,Age-adjusted Prevalence,10.5,9.6,11.5,Overall,Overall
2021,2021,NE,Nebraska,"Nutrition, Physical Activity, and Weight Status",No leisure-time physical activity among adults,no_leisure_physical_activity_adults,Age-adjusted Prevalence,23.5,22.5,24.5,Overall,Overall
2021,2021,NE,Nebraska,"Nutrition, Physical Activity, and Weight Status",Obesity among adults,obesity_adults,Age-adjusted Prevalence,36.3,35.1,37.5,Overall,Overall
2021,2021,NE,Nebraska,Social Determinants of Health,Routine checkup within the past year among adults,routine_checkup_past_year_adults,Age-adjusted Prevalence,71.8,70.7,72.9,Overall,Overall
2022,2022,NE,Nebraska,Tobacco,Current cigarette smoking among adults,current_smoking_adults,Age-adjusted Prevalence,13.6,12.4,14.8,Overall,Overall
2022,2022,NE,Nebraska,Diabetes,Diabetes among adults,diabetes_adults,Age-adjusted Prevalence,9.8,9.0,10.6,Overall,Overall
2022,2022,NE,Nebraska,Social Determinants of Health,Lack of health insurance among adults aged 18-64 years,lack_health_insurance_adults_18_64,Age-adjusted Prevalence,,,,Overall,Overall
2022,2022,NE,Nebraska,"Nutrition, Physical Activity, and Weight Status",No leisure-time physical activity among adults,no_leisure_physical_activity_adults,Age-adjusted Prevalence,24.1,22.8,25.5,Overall,Overall
2022,2022,NE,Nebraska,"Nutrition, Physical Activity, and Weight Status",Obesity among adults,obesity_adults,Age-adjusted Prevalence,35.6,34.0,37.3,Overall,Overall
2022,2022,NE,Nebraska,Social Determinants of Health,Routine checkup within the past year among adults,routine_checkup_past_year_adults,Age-adjusted Prevalence,,,,Overall,Overall
2019,2019,NH,New Hampshire,Tobacco,Current cigarette smoking among adults,current_smoking_adults,Age-adjusted Prevalence,16.8,15.2,18.5,Overall,Overall
2019,2019,NH,New Hampshire,Diabetes,Diabetes among adults,diabetes_adults,Age-adjusted Prevalence,8.1,7.2,9.1,Overall,Overall
2019,2019,NH,New Hampshire,Cardiovascular Disease,High blood pressure among adults,high_blood_pressure_adults,Age-adjusted Prevalence,43.7,41.9,45.4,Overall,Overall
2019,2019,NH,New Hampshire,Cardiovascular Disease,High cholesterol among adults who have been screened,high_cholesterol_screened_adults,Age-adjusted Prevalence,27.9,26.1,29.8,Overall,Overall
2019,2019,NH,New Hampshire,Social Determinants of Health,Lack of health insurance among adults aged 18-64 years,lack_health_insurance_adults_18_64,Age-adjusted Prevalence,10.7,9.1,12.5,Overall,Overall
2019,2019,NH,New Hampshire,"Nutrition, Physical Activity, and Weight Status",No leisure-time physical activity among adults,no_leisure_physical_activity_adults,Age-adjusted Prevalence,21.1,19.4,22.9,Overall,Overall
2019,2019,NH,New Hampshire,"Nutrition, Physical Activity, and Weight Status",Obesity among adults,obesity_adults,Age-adjusted Prevalence,32.1,30.1,34.2,Overall,Overall
2019,2019,NH,New Hampshire,Social Determinants of Health,Routine checkup within the past year among adults,routine_checkup_past_year_adults,Age-adjusted Prevalence,76.4,74.4,78.2,Overall,Overall
2020,2020,NH,New Hampshire,Tobacco,Current cigarette smoking among adults,current_smoking_adults,Age-adjusted Prevalence,14.7,13.3,16.3,Overall,Overall
2020,2020,NH,New Hampshire,Diabetes,Diabetes among adults,diabetes_adults,Age-adjusted Prevalence,7.5,6.8,8.3,Overall,Overall
2020,2020,NH,New Hampshire,Social Determinants of Health,Lack of health insurance among adults aged 18-64 years,lack_health_insurance_adults_18_64,Age-adjusted Prevalence,9.8,8.4,11.3,Overall,Overall
2020,2020,NH,New Hampshire,"Nutrition, Physical Activity, and Weight Status",No leisure-time physical activity among adults,no_leisure_physical_activity_adults,Age-adjusted Prevalence,18.6,17.2,20.2,Overall,Overall
2020,2020,NH,New Hampshire,"Nutrition, Physical Activity, and Weight Status",Obesity among adults,obesity_adults,Age-adjusted Prevalence,30.5,28.6,32.4,Overall,Overall
2020,2020,NH,New Hampshire,Social Determinants of Health,Routine checkup within the past year among adults,routine_checkup_past_year_adults,Age-adjusted Prevalence,72.5,70.7,74.3,Overall,Overall
2021,2021,NH,New Hampshire,Tobacco,Current cigarette smoking among adults,current_smoking_adults,Age-adjusted Prevalence,12.7,11.4,14.2,Overall,Overall
2021,2021,NH,New Hampshire,Diabetes,Diabetes among adults,diabetes_adults,Age-adjusted Prevalence,7.3,6.5,8.2,Overall,Overall
2021,2021,NH,New Hampshire,Cardiovascular Disease,High blood pressure among adults,high_blood_pressure_adults,Age-adjusted Prevalence,42.9,41.2,44.6,Overall,Overall
2021,2021,NH,New Hampshire,Cardiovascular Disease,High cholesterol among adults who have been screened,high_cholesterol_screened_adults,Age-adjusted Prevalence,27.4,25.7,29.1,Overall,Overall
2021,2021,NH,New Hampshire,Social Determinants of Health,Lack of health insurance among adults aged 18-64 years,lack_health_insurance_adults_18_64,Age-adjusted Prevalence,6.7,5.5,8.1,Overall,Overall
2021,2021,NH,New Hampshire,"Nutrition, Physical Activity, and Weight Status",No leisure-time physical activity among adults,no_leisure_physical_activity_adults,Age-adjusted Prevalence,19.2,17.7,20.7,Overall,Overall
2021,2021,NH,New Hampshire,"Nutrition, Physical Activity, and Weight Status",Obesity among adults,obesity_adults,Age-adjusted Prevalence,31.2,29.3,33.1,Overall,Overall
2021,2021,NH,New Hampshire,Social Determinants of Health,Routine checkup within the past year among adults,routine_checkup_past_year_adults,Age-adjusted Prevalence,73.1,71.3,74.9,Overall,Overall
2022,2022,NH,New Hampshire,Tobacco,Current cigarette smoking among adults,current_smoking_adults,Age-adjusted Prevalence,11.5,10.2,13.0,Overall,Overall
2022,2022,NH,New Hampshire,Diabetes,Diabetes among adults,diabetes_adults,Age-adjusted Prevalence,8.2,7.4,9.1,Overall,Overall
2022,2022,NH,New Hampshire,Social Determinants of Health,Lack of health insurance among adults aged 18-64 years,lack_health_insurance_adults_18_64,Age-adjusted Prevalence,6.8,5.6,8.3,Overall,Overall
2022,2022,NH,New Hampshire,"Nutrition, Physical Activity, and Weight Status",No leisure-time physical activity among adults,no_leisure_physical_activity_adults,Age-adjusted Prevalence,19.0,17.4,20.7,Overall,Overall
2022,2022,NH,New Hampshire,"Nutrition, Physical Activity, and Weight Status",Obesity among adults,obesity_adults,Age-adjusted Prevalence,30.0,28.1,32.0,Overall,Overall
2022,2022,NH,New Hampshire,Social Determinants of Health,Routine checkup within the past year among adults,routine_checkup_past_year_adults,Age-adjusted Prevalence,74.6,72.6,76.5,Overall,Overall
2019,2019,NJ,New Jersey,Tobacco,Current cigarette smoking among adults,current_smoking_adults,Age-adjusted Prevalence,,,,Overall,Overall
2019,2019,NJ,New Jersey,Diabetes,Diabetes among adults,diabetes_adults,Age-adjusted Prevalence,,,,Overall,Overall
2019,2019,NJ,New Jersey,Cardiovascular Disease,High blood pressure among adults,high_blood_pressure_adults,Age-adjusted Prevalence,,,,Overall,Overall
2019,2019,NJ,New Jersey,Cardiovascular Disease,High cholesterol among adults who have been screened,high_cholesterol_screened_adults,Age-adjusted Prevalence,,,,Overall,Overall
2019,2019,NJ,New Jersey,Social Determinants of Health,Lack of health insurance among adults aged 18-64 years,lack_health_insurance_adults_18_64,Age-adjusted Prevalence,,,,Overall,Overall
2019,2019,NJ,New Jersey,"Nutrition, Physical Activity, and Weight Status",No leisure-time physical activity among adults,no_leisure_physical_activity_adults,Age-adjusted Prevalence,,,,Overall,Overall
2019,2019,NJ,New Jersey,"Nutrition, Physical Activity, and Weight Status",Obesity among adults,obesity_adults,Age-adjusted Prevalence,,,,Overall,Overall
2019,2019,NJ,New Jersey,Social Determinants of Health,Routine checkup within the past year among adults,routine_checkup_past_year_adults,Age-adjusted Prevalence,,,,Overall,Overall
2020,2020,NJ,New Jersey,Tobacco,Current cigarette smoking among adults,current_smoking_adults,Age-adjusted Prevalence,11.1,10.3,12.0,Overall,Overall
2020,2020,NJ,New Jersey,Diabetes,Diabetes among adults,diabetes_adults,Age-adjusted Prevalence,8.7,8.0,9.3,Overall,Overall
2020,2020,NJ,New Jersey,Social Determinants of Health,Lack of health insurance among adults aged 18-64 years,lack_health_insurance_adults_18_64,Age-adjusted Prevalence,14.6,13.6,15.7,Overall,Overall
2020,2020,NJ,New Jersey,"Nutrition, Physical Activity, and Weight Status",No leisure-time physical activity among adults,no_leisure_physical_activity_adults,Age-adjusted Prevalence,20.2,19.2,21.2,Overall,Overall
2020,2020,NJ,New Jersey,"Nutrition, Physical Activity, and Weight Status",Obesity among adults,obesity_adults,Age-adjusted Prevalence,27.7,26.4,28.9,Overall,Overall
2020,2020,NJ,New Jersey,Social Determinants of Health,Routine checkup within the past year among adults,routine_checkup_past_year_adults,Age-adjusted Prevalence,75.8,74.6,76.8,Overall,Overall
2021,2021,NJ,New Jersey,Tobacco,Current cigarette smoking among adults,current_smoking_adults,Age-adjusted Prevalence,10.8,9.9,11.9,Overall,Overall
2021,2021,NJ,New Jersey,Diabetes,Diabetes among adults,diabetes_adults,Age-adjusted Prevalence,8.8,8.1,9.6,Overall,Overall
2021,2021,NJ,New Jersey,Cardiovascular Disease,High blood pressure among adults,high_blood_pressure_adults,Age-adjusted Prevalence,46.4,44.6,48.3,Overall,Overall
2021,2021,NJ,New Jersey,Cardiovascular Disease,High cholesterol among adults who have been screened,high_cholesterol_screened_adults,Age-adjusted Prevalence,33.2,31.8,34.7,Overall,Overall
2021,2021,NJ,New Jersey,Social Determinants of Health,Lack of health insurance among adults aged 18-64 years,lack_health_insurance_adults_18_64,Age-adjusted Prevalence,11.4,10.4,12.5,Overall,Overall
2021,2021,NJ,New Jersey,"Nutrition, Physical Activity, and Weight Status",No leisure-time physical activity among adults,no_leisure_physical_activity_adults,Age-adjusted Prevalence,23.4,22.2,24.7,Overall,Overall
2021,2021,NJ,New Jersey,"Nutrition, Physical Activity, and Weight Status",Obesity among adults,obesity_adults,Age-adjusted Prevalence,28.3,26.9,29.8,Overall,Overall
2021,2021,NJ,New Jersey,Social Determinants of Health,Routine checkup within the past year among adults,routine_checkup_past_year_adults,Age-adjusted Prevalence,75.1,73.7,76.4,Overall,Overall
2022,2022,NJ,New Jersey,Tobacco,Current cigarette smoking among adults,current_smoking_adults,Age-adjusted Prevalence,10.7,9.7,11.8,Overall,Overall
2022,2022,NJ,New Jersey,Diabetes,Diabetes among adults,diabetes_adults,Age-adjusted Prevalence,9.5,8.6,10.5,Overall,Overall
2022,2022,NJ,New Jersey,Social Determinants of Health,Lack of health insurance among adults aged 18-64 years,lack_health_insurance_adults_18_64,Age-adjusted Prevalence,10.7,9.7,11.9,Overall,Overall
2022,2022,NJ,New Jersey,"Nutrition, Physical Activity, and Weight Status",No leisure-time physical activity among adults,no_leisure_physical_activity_adults,Age-adjusted Prevalence,22.8,21.5,24.2,Overall,Overall
2022,2022,NJ,New Jersey,"Nutrition, Physical Activity, and Weight Status",Obesity among adults,obesity_adults,Age-adjusted Prevalence,29.0,27.4,30.5,Overall,Overall
2022,2022,NJ,New Jersey,Social Determinants of Health,Routine checkup within the past year among adults,routine_checkup_past_year_adults,Age-adjusted Prevalence,76.9,75.5,78.1,Overall,Overall
2019,2019,NM,New Mexico,Tobacco,Current cigarette smoking among adults,current_smoking_adults,Age-adjusted Prevalence,16.6,15.1,18.1,Overall,Overall
2019,2019,NM,New Mexico,Diabetes,Diabetes among adults,diabetes_adults,Age-adjusted Prevalence,11.1,10.1,12.2,Overall,Overall
2019,2019,NM,New Mexico,Cardiovascular Disease,High blood pressure among adults,high_blood_pressure_adults,Age-adjusted Prevalence,46.4,44.4,48.5,Overall,Overall
2019,2019,NM,New Mexico,Cardiovascular Disease,High cholesterol among adults who have been screened,high_cholesterol_screened_adults,Age-adjusted Prevalence,26.6,25.0,28.3,Overall,Overall
2019,2019,NM,New Mexico,Social Determinants of Health,Lack of health insurance among adults aged 18-64 years,lack_health_insurance_adults_18_64,Age-adjusted Prevalence,14.3,12.8,16.1,Overall,Overall
2019,2019,NM,New Mexico,"Nutrition, Physical Activity, and Weight Status",No leisure-time physical activity among adults,no_leisure_physical_activity_adults,Age-adjusted Prevalence,24.8,23.2,26.5,Overall,Overall
2019,2019,NM,New Mexico,"Nutrition, Physical Activity, and Weight Status",Obesity among adults,obesity_adults,Age-adjusted Prevalence,32.2,30.4,34.1,Overall,Overall
2019,2019,NM,New Mexico,Social Determinants of Health,Routine checkup within the past year among adults,routine_checkup_past_year_adults,Age-adjusted Prevalence,68.2,66.3,69.9,Overall,Overall
2020,2020,NM,New Mexico,Tobacco,Current cigarette smoking among adults,current_smoking_adults,Age-adjusted Prevalence,16.9,15.3,18.7,Overall,Overall
2020,2020,NM,New Mexico,Diabetes,Diabetes among adults,diabetes_adults,Age-adjusted Prevalence,11.2,10.1,12.4,Overall,Overall
2020,2020,NM,New Mexico,Social Determinants of Health,Lack of health insurance among adults aged 18-64 years,lack_health_insurance_adults_18_64,Age-adjusted Prevalence,14.6,12.9,16.5,Overall,Overall
2020,2020,NM,New Mexico,"Nutrition, Physical Activity, and Weight Status",No leisure-time physical activity among adults,no_leisure_physical_activity_adults,Age-adjusted Prevalence,22.5,20.8,24.3,Overall,Overall
2020,2020,NM,New Mexico,"Nutrition, Physical Activity, and Weight Status",Obesity among adults,obesity_adults,Age-adjusted Prevalence,31.7,29.8,33.7,Overall,Overall
2020,2020,NM,New Mexico,Social Determinants of Health,Routine checkup within the past year among adults,routine_checkup_past_year_adults,Age-adjusted Prevalence,68.2,66.2,70.1,Overall,Overall
2021,2021,NM,New Mexico,Tobacco,Current cigarette smoking among adults,current_smoking_adults,Age-adjusted Prevalence,14.2,13.0,15.4,Overall,Overall
2021,2021,NM,New Mexico,Diabetes,Diabetes among adults,diabetes_adults,Age-adjusted Prevalence,12.0,11.0,13.1,Overall,Overall
2021,2021,NM,New Mexico,Cardiovascular Disease,High blood pressure among adults,high_blood_pressure_adults,Age-adjusted Prevalence,47.3,45.2,49.4,Overall,Overall
2021,2021,NM,New Mexico,Cardiovascular Disease,High cholesterol among adults who have been screened,high_cholesterol_screened_adults,Age-adjusted Prevalence,30.4,28.7,32.2,Overall,Overall
2021,2021,NM,New Mexico,Social Determinants of Health,Lack of health insurance among adults aged 18-64 years,lack_health_insurance_adults_18_64,Age-adjusted Prevalence,10.1,8.9,11.5,Overall,Overall
2021,2021,NM,New Mexico,"Nutrition, Physical Activity, and Weight Status",No leisure-time physical activity among adults,no_leisure_physical_activity_adults,Age-adjusted Prevalence,22.2,20.8,23.7,Overall,Overall
2021,2021,NM,New Mexico,"Nutrition, Physical Activity, and Weight Status",Obesity among adults,obesity_adults,Age-adjusted Prevalence,35.4,33.7,37.2,Overall,Overall
2021,2021,NM,New Mexico,Social Determinants of Health,Routine checkup within the past year among adults,routine_checkup_past_year_adults,Age-adjusted Prevalence,60.8,59.1,62.6,Overall,Overall
2022,2022,NM,New Mexico,Tobacco,Current cigarette smoking among adults,current_smoking_adults,Age-adjusted Prevalence,15.5,14.0,17.2,Overall,Overall
2022,2022,NM,New Mexico,Diabetes,Diabetes among adults,diabetes_adults,Age-adjusted Prevalence,11.2,10.0,12.4,Overall,Overall
2022,2022,NM,New Mexico,Social Determinants of Health,Lack of health insurance among adults aged 18-64 years,lack_health_insurance_adults_18_64,Age-adjusted Prevalence,10.9,9.3,12.6,Overall,Overall
2022,2022,NM,New Mexico,"Nutrition, Physical Activity, and Weight Status",No leisure-time physical activity among adults,no_leisure_physical_activity_adults,Age-adjusted Prevalence,23.9,22.1,25.9,Overall,Overall
2022,2022,NM,New Mexico,"Nutrition, Physical Activity, and Weight Status",Obesity among adults,obesity_adults,Age-adjusted Prevalence,33.4,31.4,35.5,Overall,Overall
2022,2022,NM,New Mexico,Social Determinants of Health,Routine checkup within the past year among adults,routine_checkup_past_year_adults,Age-adjusted Prevalence,66.3,64.2,68.4,Overall,Overall
2019,2019,NV,Nevada,Tobacco,Current cigarette smoking among adults,current_smoking_adults,Age-adjusted Prevalence,15.6,13.8,17.6,Overall,Overall
2019,2019,NV,Nevada,Diabetes,Diabetes among adults,diabetes_adults,Age-adjusted Prevalence,10.0,8.6,11.7,Overall,Overall
2019,2019,NV,Nevada,Cardiovascular Disease,High blood pressure among adults,high_blood_pressure_adults,Age-adjusted Prevalence,48.6,45.2,52.0,Overall,Overall
2019,2019,NV,Nevada,Cardiovascular Disease,High cholesterol among adults who have been screened,high_cholesterol_screened_adults,Age-adjusted Prevalence,30.7,28.2,33.2,Overall,Overall
2019,2019,NV,Nevada,Social Determinants of Health,Lack of health insurance among adults aged 18-64 years,lack_health_insurance_adults_18_64,Age-adjusted Prevalence,20.7,18.3,23.4,Overall,Overall
2019,2019,NV,Nevada,"Nutrition, Physical Activity, and Weight Status",No leisure-time physical activity among adults,no_leisure_physical_activity_adults,Age-adjusted Prevalence,25.6,23.2,28.1,Overall,Overall
2019,2019,NV,Nevada,"Nutrition, Physical Activity, and Weight Status",Obesity among adults,obesity_adults,Age-adjusted Prevalence,30.5,28.1,33.1,Overall,Overall
2019,2019,NV,Nevada,Social Determinants of Health,Routine checkup within the past year among adults,routine_checkup_past_year_adults,Age-adjusted Prevalence,70.3,67.9,72.7,Overall,Overall
2020,2020,NV,Nevada,Tobacco,Current cigarette smoking among adults,current_smoking_adults,Age-adjusted Prevalence,14.1,12.3,16.0,Overall,Overall
2020,2020,NV,Nevada,Diabetes,Diabetes among adults,diabetes_adults,Age-adjusted Prevalence,10.0,8.6,11.6,Overall,Overall
2020,2020,NV,Nevada,Social Determinants of Health,Lack of health insurance among adults aged 18-64 years,lack_health_insurance_adults_18_64,Age-adjusted Prevalence,19.2,16.7,22.1,Overall,Overall
2020,2020,NV,Nevada,"Nutrition, Physical Activity, and Weight Status",No leisure-time physical activity among adults,no_leisure_physical_activity_adults,Age-adjusted Prevalence,24.9,22.4,27.7,Overall,Overall
2020,2020,NV,Nevada,"Nutrition, Physical Activity, and Weight Status",Obesity among adults,obesity_adults,Age-adjusted Prevalence,28.1,25.6,30.8,Overall,Overall
2020,2020,NV,Nevada,Social Determinants of Health,Routine checkup within the past year among adults,routine_checkup_past_year_adults,Age-adjusted Prevalence,66.2,63.4,68.9,Overall,Overall
2021,2021,NV,Nevada,Tobacco,Current cigarette smoking among adults,current_smoking_adults,Age-adjusted Prevalence,15.3,13.4,17.6,Overall,Overall
2021,2021,NV,Nevada,Diabetes,Diabetes among adults,diabetes_adults,Age-adjusted Prevalence,10.3,8.9,11.9,Overall,Overall
2021,2021,NV,Nevada,Cardiovascular Disease,High blood pressure among adults,high_blood_pressure_adults,Age-adjusted Prevalence,47.4,44.1,50.7,Overall,Overall
2021,2021,NV,Nevada,Cardiovascular Disease,High cholesterol among adults who have been screened,high_cholesterol_screened_adults,Age-adjusted Prevalence,32.1,29.4,35.0,Overall,Overall
2021,2021,NV,Nevada,Social Determinants of Health,Lack of health insurance among adults aged 18-64 years,lack_health_insurance_adults_18_64,Age-adjusted Prevalence,14.5,12.1,17.2,Overall,Overall
2021,2021,NV,Nevada,"Nutrition, Physical Activity, and Weight Status",No leisure-time physical activity among adults,no_leisure_physical_activity_adults,Age-adjusted Prevalence,23.4,21.1,25.9,Overall,Overall
2021,2021,NV,Nevada,"Nutrition, Physical Activity, and Weight Status",Obesity among adults,obesity_adults,Age-adjusted Prevalence,31.5,28.8,34.4,Overall,Overall
2021,2021,NV,Nevada,Social Determinants of Health,Routine checkup within the past year among adults,routine_checkup_past_year_adults,Age-adjusted Prevalence,70.0,67.3,72.5,Overall,Overall
2022,2022,NV,Nevada,Tobacco,Current cigarette smoking among adults,current_smoking_adults,Age-adjusted Prevalence,14.9,13.1,17.0,Overall,Overall
2022,2022,NV,Nevada,Diabetes,Diabetes among adults,diabetes_adults,Age-adjusted Prevalence,8.8,7.7,10.0,Overall,Overall
2022,2022,NV,Nevada,Social Determinants of Health,Lack of health insurance among adults aged 18-64 years,lack_health_insurance_adults_18_64,Age-adjusted Prevalence,15.8,13.7,18.2,Overall,Overall
2022,2022,NV,Nevada,"Nutrition, Physical Activity, and Weight Status",No leisure-time physical activity among adults,no_leisure_physical_activity_adults,Age-adjusted Prevalence,25.7,23.4,28.2,Overall,Overall
2022,2022,NV,Nevada,"Nutrition, Physical Activity, and Weight Status",Obesity among adults,obesity_adults,Age-adjusted Prevalence,33.9,31.3,36.7,Overall,Overall
2022,2022,NV,Nevada,Social Determinants of Health,Routine checkup within the past year among adults,routine_checkup_past_year_adults,Age-adjusted Prevalence,66.6,64.0,69.1,Overall,Overall
2019,2019,NY,New York,Tobacco,Current cigarette smoking among adults,current_smoking_adults,Age-adjusted Prevalence,13.0,12.2,14.0,Overall,Overall
2019,2019,NY,New York,Diabetes,Diabetes among adults,diabetes_adults,Age-adjusted Prevalence,9.5,8.8,10.2,Overall,Overall
2019,2019,NY,New York,Cardiovascular Disease,High blood pressure among adults,high_blood_pressure_adults,Age-adjusted Prevalence,45.5,44.0,46.9,Overall,Overall
2019,2019,NY,New York,Cardiovascular Disease,High cholesterol among adults who have been screened,high_cholesterol_screened_adults,Age-adjusted Prevalence,28.8,27.7,30.0,Overall,Overall
2019,2019,NY,New York,Social Determinants of Health,Lack of health insurance among adults aged 18-64 years,lack_health_insurance_adults_18_64,Age-adjusted Prevalence,13.6,12.6,14.7,Overall,Overall
2019,2019,NY,New York,"Nutrition, Physical Activity, and Weight Status",No leisure-time physical activity among adults,no_leisure_physical_activity_adults,Age-adjusted Prevalence,27.0,25.9,28.3,Overall,Overall
2019,2019,NY,New York,"Nutrition, Physical Activity, and Weight Status",Obesity among adults,obesity_adults,Age-adjusted Prevalence,27.2,26.0,28.4,Overall,Overall
2019,2019,NY,New York,Social Determinants of Health,Routine checkup within the past year among adults,routine_checkup_past_year_adults,Age-adjusted Prevalence,79.7,78.7,80.8,Overall,Overall
2020,2020,NY,New York,Tobacco,Current cigarette smoking among adults,current_smoking_adults,Age-adjusted Prevalence,12.3,11.5,13.2,Overall,Overall
2020,2020,NY,New York,Diabetes,Diabetes among adults,diabetes_adults,Age-adjusted Prevalence,9.2,8.6,9.9,Overall,Overall
2020,2020,NY,New York,Social Determinants of Health,Lack of health insurance among adults aged 18-64 years,lack_health_insurance_adults_18_64,Age-adjusted Prevalence,12.7,11.8,13.7,Overall,Overall
2020,2020,NY,New York,"Nutrition, Physical Activity, and Weight Status",No leisure-time physical activity among adults,no_leisure_physical_activity_adults,Age-adjusted Prevalence,25.2,24.2,26.2,Overall,Overall
2020,2020,NY,New York,"Nutrition, Physical Activity, and Weight Status",Obesity among adults,obesity_adults,Age-adjusted Prevalence,26.5,25.3,27.6,Overall,Overall
2020,2020,NY,New York,Social Determinants of Health,Routine checkup within the past year among adults,routine_checkup_past_year_adults,Age-adjusted Prevalence,78.6,77.6,79.5,Overall,Overall
2021,2021,NY,New York,Tobacco,Current cigarette smoking among adults,current_smoking_adults,Age-adjusted Prevalence,12.4,11.8,13.0,Overall,Overall
2021,2021,NY,New York,Diabetes,Diabetes among adults,diabetes_adults,Age-adjusted Prevalence,10.2,9.7,10.7,Overall,Overall
2021,2021,NY,New York,Cardiovascular Disease,High blood pressure among adults,high_blood_pressure_adults,Age-adjusted Prevalence,47.0,45.9,48.2,Overall,Overall
2021,2021,NY,New York,Cardiovascular Disease,High cholesterol among adults who have been screened,high_cholesterol_screened_adults,Age-adjusted Prevalence,32.1,31.2,33.0,Overall,Overall
2021,2021,NY,New York,Social Determinants of Health,Lack of health insurance among adults aged 18-64 years,lack_health_insurance_adults_18_64,Age-adjusted Prevalence,7.7,7.1,8.3,Overall,Overall
2021,2021,NY,New York,"Nutrition, Physical Activity, and Weight Status",No leisure-time physical activity among adults,no_leisure_physical_activity_adults,Age-adjusted Prevalence,25.3,24.5,26.1,Overall,Overall
2021,2021,NY,New York,"Nutrition, Physical Activity, and Weight Status",Obesity among adults,obesity_adults,Age-adjusted Prevalence,29.0,28.1,29.9,Overall,Overall
2021,2021,NY,New York,Social Determinants of Health,Routine checkup within the past year among adults,routine_checkup_past_year_adults,Age-adjusted Prevalence,77.6,76.8,78.3,Overall,Overall
2022,2022,NY,New York,Tobacco,Current cigarette smoking among adults,current_smoking_adults,Age-adjusted Prevalence,11.5,10.8,12.3,Overall,Overall
2022,2022,NY,New York,Diabetes,Diabetes among adults,diabetes_adults,Age-adjusted Prevalence,10.0,9.4,10.7,Overall,Overall
2022,2022,NY,New York,Social Determinants of Health,Lack of health insurance among adults aged 18-64 years,lack_health_insurance_adults_18_64,Age-adjusted Prevalence,,,,Overall,Overall
2022,2022,NY,New York,"Nutrition, Physical Activity, and Weight Status",No leisure-time physical activity among adults,no_leisure_physical_activity_adults,Age-adjusted Prevalence,25.1,24.2,26.1,Overall,Overall
2022,2022,NY,New York,"Nutrition, Physical Activity, and Weight Status",Obesity among adults,obesity_adults,Age-adjusted Prevalence,30.3,29.2,31.4,Overall,Overall
2022,2022,NY,New York,Social Determinants of Health,Routine checkup within the past year among adults,routine_checkup_past_year_adults,Age-adjusted Prevalence,,,,Overall,Overall
2019,2019,OH,Ohio,Tobacco,Current cigarette smoking among adults,current_smoking_adults,Age-adjusted Prevalence,21.8,20.5,23.0,Overall,Overall
2019,2019,OH,Ohio,Diabetes,Diabetes among adults,diabetes_adults,Age-adjusted Prevalence,10.4,9.7,11.1,Overall,Overall
2019,2019,OH,Ohio,Cardiovascular Disease,High blood pressure among adults,high_blood_pressure_adults,Age-adjusted Prevalence,49.2,47.7,50.7,Overall,Overall
2019,2019,OH,Ohio,Cardiovascular Disease,High cholesterol among adults who have been screened,high_cholesterol_screened_adults,Age-adjusted Prevalence,28.0,26.7,29.3,Overall,Overall
2019,2019,OH,Ohio,Social Determinants of Health,Lack of health insurance among adults aged 18-64 years,lack_health_insurance_adults_18_64,Age-adjusted Prevalence,11.9,10.7,13.2,Overall,Overall
2019,2019,OH,Ohio,"Nutrition, Physical Activity, and Weight Status",No leisure-time physical activity among adults,no_leisure_physical_activity_adults,Age-adjusted Prevalence,27.6,26.2,28.9,Overall,Overall
2019,2019,OH,Ohio,"Nutrition, Physical Activity, and Weight Status",Obesity among adults,obesity_adults,Age-adjusted Prevalence,34.6,33.1,36.0,Overall,Overall
2019,2019,OH,Ohio,Social Determinants of Health,Routine checkup within the past year among adults,routine_checkup_past_year_adults,Age-adjusted Prevalence,76.3,75.0,77.6,Overall,Overall
2020,2020,OH,Ohio,Tobacco,Current cigarette smoking among adults,current_smoking_adults,Age-adjusted Prevalence,20.2,19.2,21.3,Overall,Overall
2020,2020,OH,Ohio,Diabetes,Diabetes among adults,diabetes_adults,Age-adjusted Prevalence,11.0,10.4,11.7,Overall,Overall
2020,2020,OH,Ohio,Social Determinants of Health,Lack of health insurance among adults aged 18-64 years,lack_health_insurance_adults_18_64,Age-adjusted Prevalence,11.7,10.7,12.7,Overall,Overall
2020,2020,OH,Ohio,"Nutrition, Physical Activity, and Weight Status",No leisure-time physical activity among adults,no_leisure_physical_activity_adults,Age-adjusted Prevalence,23.5,22.5,24.5,Overall,Overall
2020,2020,OH,Ohio,"Nutrition, Physical Activity, and Weight Status",Obesity among adults,obesity_adults,Age-adjusted Prevalence,35.8,34.5,37.0,Overall,Overall
2020,2020,OH,Ohio,Social Determinants of Health,Routine checkup within the past year among adults,routine_checkup_past_year_adults,Age-adjusted Prevalence,75.1,73.9,76.2,Overall,Overall
2021,2021,OH,Ohio,Tobacco,Current cigarette smoking among adults,current_smoking_adults,Age-adjusted Prevalence,18.8,17.8,19.9,Overall,Overall
2021,2021,OH,Ohio,Diabetes,Diabetes among adults,diabetes_adults,Age-adjusted Prevalence,11.0,10.4,11.7,Overall,Overall
2021,2021,OH,Ohio,Cardiovascular Disease,High blood pressure among adults,high_blood_pressure_adults,Age-adjusted Prevalence,51.0,49.7,52.4,Overall,Overall
2021,2021,OH,Ohio,Cardiovascular Disease,High cholesterol among adults who have been screened,high_cholesterol_screened_adults,Age-adjusted Prevalence,30.1,29.0,31.3,Overall,Overall
2021,2021,OH,Ohio,Social Determinants of Health,Lack of health insurance among adults aged 18-64 years,lack_health_insurance_adults_18_64,Age-adjusted Prevalence,8.3,7.4,9.3,Overall,Overall
2021,2021,OH,Ohio,"Nutrition, Physical Activity, and Weight Status",No leisure-time physical activity among adults,no_leisure_physical_activity_adults,Age-adjusted Prevalence,24.7,23.7,25.8,Overall,Overall
2021,2021,OH,Ohio,"Nutrition, Physical Activity, and Weight Status",Obesity among adults,obesity_adults,Age-adjusted Prevalence,37.9,36.6,39.1,Overall,Overall
2021,2021,OH,Ohio,Social Determinants of Health,Routine checkup within the past year among adults,routine_checkup_past_year_adults,Age-adjusted Prevalence,75.0,73.8,76.1,Overall,Overall
2022,2022,OH,Ohio,Tobacco,Current cigarette smoking among adults,current_smoking_adults,Age-adjusted Prevalence,17.7,16.7,18.8,Overall,Overall
2022,2022,OH,Ohio,Diabetes,Diabetes among adults,diabetes_adults,Age-adjusted Prevalence,11.4,10.8,12.2,Overall,Overall
2022,2022,OH,Ohio,Social Determinants of Health,Lack of health insurance among adults aged 18-64 years,lack_health_insurance_adults_18_64,Age-adjusted Prevalence,,,,Overall,Overall
2022,2022,OH,Ohio,"Nutrition, Physical Activity, and Weight Status",No leisure-time physical activity among adults,no_leisure_physical_activity_adults,Age-adjusted Prevalence,24.0,23.0,25.0,Overall,Overall
2022,2022,OH,Ohio,"Nutrition, Physical Activity, and Weight Status",Obesity among adults,obesity_adults,Age-adjusted Prevalence,38.4,37.1,39.6,Overall,Overall
2022,2022,OH,Ohio,Social Determinants of Health,Routine checkup within the past year among adults,routine_checkup_past_year_adults,Age-adjusted Prevalence,,,,Overall,Overall
2019,2019,OK,Oklahoma,Tobacco,Current cigarette smoking among adults,current_smoking_adults,Age-adjusted Prevalence,19.4,18.0,20.8,Overall,Overall
2019,2019,OK,Oklahoma,Diabetes,Diabetes among adults,diabetes_adults,Age-adjusted Prevalence,11.2,10.4,12.1,Overall,Overall
2019,2019,OK,Oklahoma,Cardiovascular Disease,High blood pressure among adults,high_blood_pressure_adults,Age-adjusted Prevalence,57.7,56.0,59.5,Overall,Overall
2019,2019,OK,Oklahoma,Cardiovascular Disease,High cholesterol among adults who have been screened,high_cholesterol_screened_adults,Age-adjusted Prevalence,31.8,30.3,33.3,Overall,Overall
2019,2019,OK,Oklahoma,Social Determinants of Health,Lack of health insurance among adults aged 18-64 years,lack_health_insurance_adults_18_64,Age-adjusted Prevalence,19.3,17.8,20.9,Overall,Overall
2019,2019,OK,Oklahoma,"Nutrition, Physical Activity, and Weight Status",No leisure-time physical activity among adults,no_leisure_physical_activity_adults,Age-adjusted Prevalence,33.4,31.8,35.0,Overall,Overall
2019,2019,OK,Oklahoma,"Nutrition, Physical Activity, and Weight Status",Obesity among adults,obesity_adults,Age-adjusted Prevalence,37.1,35.5,38.7,Overall,Overall
2019,2019,OK,Oklahoma,Social Determinants of Health,Routine checkup within the past year among adults,routine_checkup_past_year_adults,Age-adjusted Prevalence,75.2,73.7,76.7,Overall,Overall
2020,2020,OK,Oklahoma,Tobacco,Current cigarette smoking among adults,current_smoking_adults,Age-adjusted Prevalence,19.6,18.1,21.2,Overall,Overall
2020,2020,OK,Oklahoma,Diabetes,Diabetes among adults,diabetes_adults,Age-adjusted Prevalence,12.0,11.0,13.1,Overall,Overall
2020,2020,OK,Oklahoma,Social Determinants of Health,Lack of health insurance among adults aged 18-64 years,lack_health_insurance_adults_18_64,Age-adjusted Prevalence,19.7,17.9,21.5,Overall,Overall
2020,2020,OK,Oklahoma,"Nutrition, Physical Activity, and Weight Status",No leisure-time physical activity among adults,no_leisure_physical_activity_adults,Age-adjusted Prevalence,27.9,26.4,29.5,Overall,Overall
2020,2020,OK,Oklahoma,"Nutrition, Physical Activity, and Weight Status",Obesity among adults,obesity_adults,Age-adjusted Prevalence,37.1,35.3,38.9,Overall,Overall
2020,2020,OK,Oklahoma,Social Determinants of Health,Routine checkup within the past year among adults,routine_checkup_past_year_adults,Age-adjusted Prevalence,74.9,73.2,76.5,Overall,Overall
2021,2021,OK,Oklahoma,Tobacco,Current cigarette smoking among adults,current_smoking_adults,Age-adjusted Prevalence,17.5,16.2,18.9,Overall,Overall
2021,2021,OK,Oklahoma,Diabetes,Diabetes among adults,diabetes_adults,Age-adjusted Prevalence,11.8,10.8,12.8,Overall,Overall
2021,2021,OK,Oklahoma,Cardiovascular Disease,High blood pressure among adults,high_blood_pressure_adults,Age-adjusted Prevalence,56.6,54.5,58.7,Overall,Overall
2021,2021,OK,Oklahoma,Cardiovascular Disease,High cholesterol among adults who have been screened,high_cholesterol_screened_adults,Age-adjusted Prevalence,31.9,30.2,33.6,Overall,Overall
2021,2021,OK,Oklahoma,Social Determinants of Health,Lack of health insurance among adults aged 18-64 years,lack_health_insurance_adults_18_64,Age-adjusted Prevalence,14.6,13.1,16.3,Overall,Overall
2021,2021,OK,Oklahoma,"Nutrition, Physical Activity, and Weight Status",No leisure-time physical activity among adults,no_leisure_physical_activity_adults,Age-adjusted Prevalence,27.3,25.7,28.8,Overall,Overall
2021,2021,OK,Oklahoma,"Nutrition, Physical Activity, and Weight Status",Obesity among adults,obesity_adults,Age-adjusted Prevalence,40.0,38.2,41.9,Overall,Overall
2021,2021,OK,Oklahoma,Social Determinants of Health,Routine checkup within the past year among adults,routine_checkup_past_year_adults,Age-adjusted Prevalence,71.9,70.1,73.5,Overall,Overall
2022,2022,OK,Oklahoma,Tobacco,Current cigarette smoking among adults,current_smoking_adults,Age-adjusted Prevalence,16.0,14.8,17.3,Overall,Overall
2022,2022,OK,Oklahoma,Diabetes,Diabetes among adults,diabetes_adults,Age-adjusted Prevalence,12.2,11.4,13.2,Overall,Overall
2022,2022,OK,Oklahoma,Social Determinants of Health,Lack of health insurance among adults aged 18-64 years,lack_health_insurance_adults_18_64,Age-adjusted Prevalence,,,,Overall,Overall
2022,2022,OK,Oklahoma,"Nutrition, Physical Activity, and Weight Status",No leisure-time physical activity among adults,no_leisure_physical_activity_adults,Age-adjusted Prevalence,28.6,27.2,30.1,Overall,Overall
2022,2022,OK,Oklahoma,"Nutrition, Physical Activity, and Weight Status",Obesity among adults,obesity_adults,Age-adjusted Prevalence,40.6,38.9,42.3,Overall,Overall
2022,2022,OK,Oklahoma,Social Determinants of Health,Routine checkup within the past year among adults,routine_checkup_past_year_adults,Age-adjusted Prevalence,,,,Overall,Overall
2019,2019,OR,Oregon,Tobacco,Current cigarette smoking among adults,current_smoking_adults,Age-adjusted Prevalence,14.9,13.8,16.1,Overall,Overall
2019,2019,OR,Oregon,Diabetes,Diabetes among adults,diabetes_adults,Age-adjusted Prevalence,7.5,6.8,8.3,Overall,Overall
2019,2019,OR,Oregon,Cardiovascular Disease,High blood pressure among adults,high_blood_pressure_adults,Age-adjusted Prevalence,45.1,43.1,47.0,Overall,Overall
2019,2019,OR,Oregon,Cardiovascular Disease,High cholesterol among adults who have been screened,high_cholesterol_screened_adults,Age-adjusted Prevalence,25.9,24.5,27.3,Overall,Overall
2019,2019,OR,Oregon,Social Determinants of Health,Lack of health insurance among adults aged 18-64 years,lack_health_insurance_adults_18_64,Age-adjusted Prevalence,13.1,12.0,14.4,Overall,Overall
2019,2019,OR,Oregon,"Nutrition, Physical Activity, and Weight Status",No leisure-time physical activity among adults,no_leisure_physical_activity_adults,Age-adjusted Prevalence,23.5,22.2,24.9,Overall,Overall
2019,2019,OR,Oregon,"Nutrition, Physical Activity, and Weight Status",Obesity among adults,obesity_adults,Age-adjusted Prevalence,28.8,27.3,30.3,Overall,Overall
2019,2019,OR,Oregon,Social Determinants of Health,Routine checkup within the past year among adults,routine_checkup_past_year_adults,Age-adjusted Prevalence,71.6,70.1,73.1,Overall,Overall
2020,2020,OR,Oregon,Tobacco,Current cigarette smoking among adults,current_smoking_adults,Age-adjusted Prevalence,13.6,12.5,14.8,Overall,Overall
2020,2020,OR,Oregon,Diabetes,Diabetes among adults,diabetes_adults,Age-adjusted Prevalence,8.4,7.6,9.3,Overall,Overall
2020,2020,OR,Oregon,Social Determinants of Health,Lack of health insurance among adults aged 18-64 years,lack_health_insurance_adults_18_64,Age-adjusted Prevalence,11.5,10.3,12.9,Overall,Overall
2020,2020,OR,Oregon,"Nutrition, Physical Activity, and Weight Status",No leisure-time physical activity among adults,no_leisure_physical_activity_adults,Age-adjusted Prevalence,17.6,16.4,18.9,Overall,Overall
2020,2020,OR,Oregon,"Nutrition, Physical Activity, and Weight Status",Obesity among adults,obesity_adults,Age-adjusted Prevalence,28.3,26.8,29.8,Overall,Overall
2020,2020,OR,Oregon,Social Determinants of Health,Routine checkup within the past year among adults,routine_checkup_past_year_adults,Age-adjusted Prevalence,71.9,70.4,73.4,Overall,Overall
2021,2021,OR,Oregon,Tobacco,Current cigarette smoking among adults,current_smoking_adults,Age-adjusted Prevalence,12.7,11.6,13.9,Overall,Overall
2021,2021,OR,Oregon,Diabetes,Diabetes among adults,diabetes_adults,Age-adjusted Prevalence,8.4,7.6,9.3,Overall,Overall
2021,2021,OR,Oregon,Cardiovascular Disease,High blood pressure among adults,high_blood_pressure_adults,Age-adjusted Prevalence,45.1,43.0,47.2,Overall,Overall
2021,2021,OR,Oregon,Cardiovascular Disease,High cholesterol among adults who have been screened,high_cholesterol_screened_adults,Age-adjusted Prevalence,27.2,25.6,28.8,Overall,Overall
2021,2021,OR,Oregon,Social Determinants of Health,Lack of health insurance among adults aged 18-64 years,lack_health_insurance_adults_18_64,Age-adjusted Prevalence,8.2,7.2,9.5,Overall,Overall
2021,2021,OR,Oregon,"Nutrition, Physical Activity, and Weight Status",No leisure-time physical activity among adults,no_leisure_physical_activity_adults,Age-adjusted Prevalence,19.6,18.3,21.0,Overall,Overall
2021,2021,OR,Oregon,"Nutrition, Physical Activity, and Weight Status",Obesity among adults,obesity_adults,Age-adjusted Prevalence,30.6,29.1,32.2,Overall,Overall
2021,2021,OR,Oregon,Social Determinants of Health,Routine checkup within the past year among adults,routine_checkup_past_year_adults,Age-adjusted Prevalence,65.6,64.0,67.1,Overall,Overall
2022,2022,OR,Oregon,Tobacco,Current cigarette smoking among adults,current_smoking_adults,Age-adjusted Prevalence,12.8,11.7,14.0,Overall,Overall
2022,2022,OR,Oregon,Diabetes,Diabetes among adults,diabetes_adults,Age-adjusted Prevalence,9.1,8.2,10.1,Overall,Overall
2022,2022,OR,Oregon,Social Determinants of Health,Lack of health insurance among adults aged 18-64 years,lack_health_insurance_adults_18_64,Age-adjusted Prevalence,,,,Overall,Overall
2022,2022,OR,Oregon,"Nutrition, Physical Activity, and Weight Status",No leisure-time physical activity among adults,no_leisure_physical_activity_adults,Age-adjusted Prevalence,18.5,17.2,19.9,Overall,Overall
2022,2022,OR,Oregon,"Nutrition, Physical Activity, and Weight Status",Obesity among adults,obesity_adults,Age-adjusted Prevalence,31.1,29.6,32.7,Overall,Overall
2022,2022,OR,Oregon,Social Determinants of Health,Routine checkup within the past year among adults,routine_checkup_past_year_adults,Age-adjusted Prevalence,,,,Overall,Overall
2019,2019,PA,Pennsylvania,Tobacco,Current cigarette smoking among adults,current_smoking_adults,Age-adjusted Prevalence,18.0,16.7,19.3,Overall,Overall
2019,2019,PA,Pennsylvania,Diabetes,Diabetes among adults,diabetes_adults,Age-adjusted Prevalence,9.3,8.5,10.2,Overall,Overall
2019,2019,PA,Pennsylvania,Cardiovascular Disease,High blood pressure among adults,high_blood_pressure_adults,Age-adjusted Prevalence,48.4,46.6,50.3,Overall,Overall
2019,2019,PA,Pennsylvania,Cardiovascular Disease,High cholesterol among adults who have been screened,high_cholesterol_screened_adults,Age-adjusted Prevalence,28.4,26.9,29.9,Overall,Overall
2019,2019,PA,Pennsylvania,Social Determinants of Health,Lack of health insurance among adults aged 18-64 years,lack_health_insurance_adults_18_64,Age-adjusted Prevalence,10.8,9.5,12.2,Overall,Overall
2019,2019,PA,Pennsylvania,"Nutrition, Physical Activity, and Weight Status",No leisure-time physical activity among adults,no_leisure_physical_activity_adults,Age-adjusted Prevalence,24.6,23.2,26.0,Overall,Overall
2019,2019,PA,Pennsylvania,"Nutrition, Physical Activity, and Weight Status",Obesity among adults,obesity_adults,Age-adjusted Prevalence,33.1,31.5,34.7,Overall,Overall
2019,2019,PA,Pennsylvania,Social Determinants of Health,Routine checkup within the past year among adults,routine_checkup_past_year_adults,Age-adjusted Prevalence,77.6,76.1,79.1,Overall,Overall
2020,2020,PA,Pennsylvania,Tobacco,Current cigarette smoking among adults,current_smoking_adults,Age-adjusted Prevalence,16.7,15.3,18.1,Overall,Overall
2020,2020,PA,Pennsylvania,Diabetes,Diabetes among adults,diabetes_adults,Age-adjusted Prevalence,9.9,9.0,10.8,Overall,Overall
2020,2020,PA,Pennsylvania,Social Determinants of Health,Lack of health insurance among adults aged 18-64 years,lack_health_insurance_adults_18_64,Age-adjusted Prevalence,10.5,9.1,12.0,Overall,Overall
2020,2020,PA,Pennsylvania,"Nutrition, Physical Activity, and Weight Status",No leisure-time physical activity among adults,no_leisure_physical_activity_adults,Age-adjusted Prevalence,23.4,21.8,25.0,Overall,Overall
2020,2020,PA,Pennsylvania,"Nutrition, Physical Activity, and Weight Status",Obesity among adults,obesity_adults,Age-adjusted Prevalence,31.6,29.8,33.4,Overall,Overall
2020,2020,PA,Pennsylvania,Social Determinants of Health,Routine checkup within the past year among adults,routine_checkup_past_year_adults,Age-adjusted Prevalence,77.8,76.1,79.3,Overall,Overall
2021,2021,PA,Pennsylvania,Tobacco,Current cigarette smoking among adults,current_smoking_adults,Age-adjusted Prevalence,14.9,13.8,16.2,Overall,Overall
2021,2021,PA,Pennsylvania,Diabetes,Diabetes among adults,diabetes_adults,Age-adjusted Prevalence,9.5,8.7,10.4,Overall,Overall
2021,2021,PA,Pennsylvania,Cardiovascular Disease,High blood pressure among adults,high_blood_pressure_adults,Age-adjusted Prevalence,48.6,46.6,50.7,Overall,Overall
2021,2021,PA,Pennsylvania,Cardiovascular Disease,High cholesterol among adults who have been screened,high_cholesterol_screened_adults,Age-adjusted Prevalence,28.8,27.3,30.3,Overall,Overall
2021,2021,PA,Pennsylvania,Social Determinants of Health,Lack of health insurance among adults aged 18-64 years,lack_health_insurance_adults_18_64,Age-adjusted Prevalence,6.9,5.9,8.1,Overall,Overall
2021,2021,PA,Pennsylvania,"Nutrition, Physical Activity, and Weight Status",No leisure-time physical activity among adults,no_leisure_physical_activity_adults,Age-adjusted Prevalence,23.1,21.7,24.5,Overall,Overall
2021,2021,PA,Pennsylvania,"Nutrition, Physical Activity, and Weight Status",Obesity among adults,obesity_adults,Age-adjusted Prevalence,33.3,31.7,35.0,Overall,Overall
2021,2021,PA,Pennsylvania,Social Determinants of Health,Routine checkup within the past year among adults,routine_checkup_past_year_adults,Age-adjusted Prevalence,74.6,73.1,76.1,Overall,Overall
2022,2022,PA,Pennsylvania,Tobacco,Current cigarette smoking among adults,current_smoking_adults,Age-adjusted Prevalence,15.6,13.9,17.5,Overall,Overall
2022,2022,PA,Pennsylvania,Diabetes,Diabetes among adults,diabetes_adults,Age-adjusted Prevalence,10.1,8.8,11.5,Overall,Overall
2022,2022,PA,Pennsylvania,Social Determinants of Health,Lack of health insurance among adults aged 18-64 years,lack_health_insurance_adults_18_64,Age-adjusted Prevalence,,,,Overall,Overall
2022,2022,PA,Pennsylvania,"Nutrition, Physical Activity, and Weight Status",No leisure-time physical activity among adults,no_leisure_physical_activity_adults,Age-adjusted Prevalence,20.8,19.2,22.6,Overall,Overall
2022,2022,PA,Pennsylvania,"Nutrition, Physical Activity, and Weight Status",Obesity among adults,obesity_adults,Age-adjusted Prevalence,32.9,30.8,35.1,Overall,Overall
2022,2022,PA,Pennsylvania,Social Determinants of Health,Routine checkup within the past year among adults,routine_checkup_past_year_adults,Age-adjusted Prevalence,,,,Overall,Overall
2019,2019,RI,Rhode Island,Tobacco,Current cigarette smoking among adults,current_smoking_adults,Age-adjusted Prevalence,13.8,12.4,15.4,Overall,Overall
2019,2019,RI,Rhode Island,Diabetes,Diabetes among adults,diabetes_adults,Age-adjusted Prevalence,9.1,8.3,10.1,Overall,Overall
2019,2019,RI,Rhode Island,Cardiovascular Disease,High blood pressure among adults,high_blood_pressure_adults,Age-adjusted Prevalence,47.5,45.7,49.4,Overall,Overall
2019,2019,RI,Rhode Island,Cardiovascular Disease,High cholesterol among adults who have been screened,high_cholesterol_screened_adults,Age-adjusted Prevalence,28.8,27.0,30.7,Overall,Overall
2019,2019,RI,Rhode Island,Social Determinants of Health,Lack of health insurance among adults aged 18-64 years,lack_health_insurance_adults_18_64,Age-adjusted Prevalence,10.8,9.1,12.7,Overall,Overall
2019,2019,RI,Rhode Island,"Nutrition, Physical Activity, and Weight Status",No leisure-time physical activity among adults,no_leisure_physical_activity_adults,Age-adjusted Prevalence,26.0,24.2,28.0,Overall,Overall
2019,2019,RI,Rhode Island,"Nutrition, Physical Activity, and Weight Status",Obesity among adults,obesity_adults,Age-adjusted Prevalence,30.1,28.1,32.1,Overall,Overall
2019,2019,RI,Rhode Island,Social Determinants of Health,Routine checkup within the past year among adults,routine_checkup_past_year_adults,Age-adjusted Prevalence,82.7,80.9,84.3,Overall,Overall
2020,2020,RI,Rhode Island,Tobacco,Current cigarette smoking among adults,current_smoking_adults,Age-adjusted Prevalence,14.1,12.5,15.7,Overall,Overall
2020,2020,RI,Rhode Island,Diabetes,Diabetes among adults,diabetes_adults,Age-adjusted Prevalence,9.2,8.2,10.2,Overall,Overall
2020,2020,RI,Rhode Island,Social Determinants of Health,Lack of health insurance among adults aged 18-64 years,lack_health_insurance_adults_18_64,Age-adjusted Prevalence,8.7,7.4,10.3,Overall,Overall
2020,2020,RI,Rhode Island,"Nutrition, Physical Activity, and Weight Status",No leisure-time physical activity among adults,no_leisure_physical_activity_adults,Age-adjusted Prevalence,22.9,21.2,24.7,Overall,Overall
2020,2020,RI,Rhode Island,"Nutrition, Physical Activity, and Weight Status",Obesity among adults,obesity_adults,Age-adjusted Prevalence,30.6,28.5,32.7,Overall,Overall
2020,2020,RI,Rhode Island,Social Determinants of Health,Routine checkup within the past year among adults,routine_checkup_past_year_adults,Age-adjusted Prevalence,82.6,80.9,84.3,Overall,Overall
2021,2021,RI,Rhode Island,Tobacco,Current cigarette smoking among adults,current_smoking_adults,Age-adjusted Prevalence,12.9,11.6,14.3,Overall,Overall
2021,2021,RI,Rhode Island,Diabetes,Diabetes among adults,diabetes_adults,Age-adjusted Prevalence,9.2,8.3,10.2,Overall,Overall
2021,2021,RI,Rhode Island,Cardiovascular Disease,High blood pressure among adults,high_blood_pressure_adults,Age-adjusted Prevalence,48.3,46.3,50.2,Overall,Overall
2021,2021,RI,Rhode Island,Cardiovascular Disease,High cholesterol among adults who have been screened,high_cholesterol_screened_adults,Age-adjusted Prevalence,29.5,27.8,31.3,Overall,Overall
2021,2021,RI,Rhode Island,Social Determinants of Health,Lack of health insurance among adults aged 18-64 years,lack_health_insurance_adults_18_64,Age-adjusted Prevalence,7.0,5.8,8.4,Overall,Overall
2021,2021,RI,Rhode Island,"Nutrition, Physical Activity, and Weight Status",No leisure-time physical activity among adults,no_leisure_physical_activity_adults,Age-adjusted Prevalence,23.7,22.2,25.4,Overall,Overall
2021,2021,RI,Rhode Island,"Nutrition, Physical Activity, and Weight Status",Obesity among adults,obesity_adults,Age-adjusted Prevalence,30.6,28.9,32.4,Overall,Overall
2021,2021,RI,Rhode Island,Social Determinants of Health,Routine checkup within the past year among adults,routine_checkup_past_year_adults,Age-adjusted Prevalence,79.6,78.0,81.2,Overall,Overall
2022,2022,RI,Rhode Island,Tobacco,Current cigarette smoking among adults,current_smoking_adults,Age-adjusted Prevalence,12.3,10.9,13.7,Overall,Overall
2022,2022,RI,Rhode Island,Diabetes,Diabetes among adults,diabetes_adults,Age-adjusted Prevalence,10.2,9.3,11.1,Overall,Overall
2022,2022,RI,Rhode Island,Social Determinants of Health,Lack of health insurance among adults aged 18-64 years,lack_health_insurance_adults_18_64,Age-adjusted Prevalence,6.4,5.4,7.7,Overall,Overall
2022,2022,RI,Rhode Island,"Nutrition, Physical Activity, and Weight Status",No leisure-time physical activity among adults,no_leisure_physical_activity_adults,Age-adjusted Prevalence,23.4,21.9,25.1,Overall,Overall
2022,2022,RI,Rhode Island,"Nutrition, Physical Activity, and Weight Status",Obesity among adults,obesity_adults,Age-adjusted Prevalence,30.9,29.0,32.9,Overall,Overall
2022,2022,RI,Rhode Island,Social Determinants of Health,Routine checkup within the past year among adults,routine_checkup_past_year_adults,Age-adjusted Prevalence,82.0,80.4,83.6,Overall,Overall
2019,2019,SC,South Carolina,Tobacco,Current cigarette smoking among adults,current_smoking_adults,Age-adjusted Prevalence,18.4,17.1,19.8,Overall,Overall
2019,2019,SC,South Carolina,Diabetes,Diabetes among adults,diabetes_adults,Age-adjusted Prevalence,11.7,10.8,12.6,Overall,Overall
2019,2019,SC,South Carolina,Cardiovascular Disease,High blood pressure among adults,high_blood_pressure_adults,Age-adjusted Prevalence,55.4,53.6,57.2,Overall,Overall
2019,2019,SC,South Carolina,Cardiovascular Disease,High cholesterol among adults who have been screened,high_cholesterol_screened_adults,Age-adjusted Prevalence,31.4,29.9,32.9,Overall,Overall
2019,2019,SC,South Carolina,Social Determinants of Health,Lack of health insurance among adults aged 18-64 years,lack_health_insurance_adults_18_64,Age-adjusted Prevalence,17.5,16.0,19.2,Overall,Overall
2019,2019,SC,South Carolina,"Nutrition, Physical Activity, and Weight Status",No leisure-time physical activity among adults,no_leisure_physical_activity_adults,Age-adjusted Prevalence,28.5,26.9,30.1,Overall,Overall
2019,2019,SC,South Carolina,"Nutrition, Physical Activity, and Weight Status",Obesity among adults,obesity_adults,Age-adjusted Prevalence,35.5,33.9,37.2,Overall,Overall
2019,2019,SC,South Carolina,Social Determinants of Health,Routine checkup within the past year among adults,routine_checkup_past_year_adults,Age-adjusted Prevalence,77.6,76.1,79.0,Overall,Overall
2020,2020,SC,South Carolina,Tobacco,Current cigarette smoking among adults,current_smoking_adults,Age-adjusted Prevalence,19.1,17.4,21.0,Overall,Overall
2020,2020,SC,South Carolina,Diabetes,Diabetes among adults,diabetes_adults,Age-adjusted Prevalence,12.1,10.9,13.3,Overall,Overall
2020,2020,SC,South Carolina,Social Determinants of Health,Lack of health insurance among adults aged 18-64 years,lack_health_insurance_adults_18_64,Age-adjusted Prevalence,18.2,16.2,20.5,Overall,Overall
2020,2020,SC,South Carolina,"Nutrition, Physical Activity, and Weight Status",No leisure-time physical activity among adults,no_leisure_physical_activity_adults,Age-adjusted Prevalence,25.6,23.8,27.6,Overall,Overall
2020,2020,SC,South Carolina,"Nutrition, Physical Activity, and Weight Status",Obesity among adults,obesity_adults,Age-adjusted Prevalence,36.7,34.6,38.9,Overall,Overall
2020,2020,SC,South Carolina,Social Determinants of Health,Routine checkup within the past year among adults,routine_checkup_past_year_adults,Age-adjusted Prevalence,77.2,75.2,79.1,Overall,Overall
2021,2021,SC,South Carolina,Tobacco,Current cigarette smoking among adults,current_smoking_adults,Age-adjusted Prevalence,16.3,15.1,17.5,Overall,Overall
2021,2021,SC,South Carolina,Diabetes,Diabetes among adults,diabetes_adults,Age-adjusted Prevalence,12.1,11.3,12.9,Overall,Overall
2021,2021,SC,South Carolina,Cardiovascular Disease,High blood pressure among adults,high_blood_pressure_adults,Age-adjusted Prevalence,54.4,52.8,55.9,Overall,Overall
2021,2021,SC,South Carolina,Cardiovascular Disease,High cholesterol among adults who have been screened,high_cholesterol_screened_adults,Age-adjusted Prevalence,32.0,30.6,33.5,Overall,Overall
2021,2021,SC,South Carolina,Social Determinants of Health,Lack of health insurance among adults aged 18-64 years,lack_health_insurance_adults_18_64,Age-adjusted Prevalence,14.1,12.7,15.5,Overall,Overall
2021,2021,SC,South Carolina,"Nutrition, Physical Activity, and Weight Status",No leisure-time physical activity among adults,no_leisure_physical_activity_adults,Age-adjusted Prevalence,24.0,22.8,25.4,Overall,Overall
2021,2021,SC,South Carolina,"Nutrition, Physical Activity, and Weight Status",Obesity among adults,obesity_adults,Age-adjusted Prevalence,36.4,34.8,38.0,Overall,Overall
2021,2021,SC,South Carolina,Social Determinants of Health,Routine checkup within the past year among adults,routine_checkup_past_year_adults,Age-adjusted Prevalence,76.0,74.5,77.3,Overall,Overall
2022,2022,SC,South Carolina,Tobacco,Current cigarette smoking among adults,current_smoking_adults,Age-adjusted Prevalence,16.2,15.0,17.4,Overall,Overall
2022,2022,SC,South Carolina,Diabetes,Diabetes among adults,diabetes_adults,Age-adjusted Prevalence,11.1,10.3,11.9,Overall,Overall
2022,2022,SC,South Carolina,Social Determinants of Health,Lack of health insurance among adults aged 18-64 years,lack_health_insurance_adults_18_64,Age-adjusted Prevalence,14.7,13.3,16.1,Overall,Overall
2022,2022,SC,South Carolina,"Nutrition, Physical Activity, and Weight Status",No leisure-time physical activity among adults,no_leisure_physical_activity_adults,Age-adjusted Prevalence,25.0,23.8,26.3,Overall,Overall
2022,2022,SC,South Carolina,"Nutrition, Physical Activity, and Weight Status",Obesity among adults,obesity_adults,Age-adjusted Prevalence,35.5,34.0,37.1,Overall,Overall
2022,2022,SC,South Carolina,Social Determinants of Health,Routine checkup within the past year among adults,routine_checkup_past_year_adults,Age-adjusted Prevalence,75.5,74.1,76.9,Overall,Overall
2019,2019,SD,South Dakota,Tobacco,Current cigarette smoking among adults,current_smoking_adults,Age-adjusted Prevalence,19.0,16.9,21.3,Overall,Overall
2019,2019,SD,South Dakota,Diabetes,Diabetes among adults,diabetes_adults,Age-adjusted Prevalence,9.3,8.1,10.8,Overall,Overall
2019,2019,SD,South Dakota,Cardiovascular Disease,High blood pressure among adults,high_blood_pressure_adults,Age-adjusted Prevalence,45.9,43.1,48.7,Overall,Overall
2019,2019,SD,South Dakota,Cardiovascular Disease,High cholesterol among adults who have been screened,high_cholesterol_screened_adults,Age-adjusted Prevalence,24.2,22.4,26.2,Overall,Overall
2019,2019,SD,South Dakota,Social Determinants of Health,Lack of health insurance among adults aged 18-64 years,lack_health_insurance_adults_18_64,Age-adjusted Prevalence,15.1,12.8,17.6,Overall,Overall
2019,2019,SD,South Dakota,"Nutrition, Physical Activity, and Weight Status",No leisure-time physical activity among adults,no_leisure_physical_activity_adults,Age-adjusted Prevalence,28.9,26.7,31.2,Overall,Overall
2019,2019,SD,South Dakota,"Nutrition, Physical Activity, and Weight Status",Obesity among adults,obesity_adults,Age-adjusted Prevalence,33.1,30.6,35.8,Overall,Overall
2019,2019,SD,South Dakota,Social Determinants of Health,Routine checkup within the past year among adults,routine_checkup_past_year_adults,Age-adjusted Prevalence,72.6,70.1,75.0,Overall,Overall
2020,2020,SD,South Dakota,Tobacco,Current cigarette smoking among adults,current_smoking_adults,Age-adjusted Prevalence,19.0,16.6,21.6,Overall,Overall
2020,2020,SD,South Dakota,Diabetes,Diabetes among adults,diabetes_adults,Age-adjusted Prevalence,7.0,6.0,8.1,Overall,Overall
2020,2020,SD,South Dakota,Social Determinants of Health,Lack of health insurance among adults aged 18-64 years,lack_health_insurance_adults_18_64,Age-adjusted Prevalence,12.9,10.6,15.5,Overall,Overall
2020,2020,SD,South Dakota,"Nutrition, Physical Activity, and Weight Status",No leisure-time physical activity among adults,no_leisure_physical_activity_adults,Age-adjusted Prevalence,21.6,19.4,23.9,Overall,Overall
2020,2020,SD,South Dakota,"Nutrition, Physical Activity, and Weight Status",Obesity among adults,obesity_adults,Age-adjusted Prevalence,33.4,30.7,36.1,Overall,Overall
2020,2020,SD,South Dakota,Social Determinants of Health,Routine checkup within the past year among adults,routine_checkup_past_year_adults,Age-adjusted Prevalence,74.2,71.5,76.7,Overall,Overall
2021,2021,SD,South Dakota,Tobacco,Current cigarette smoking among adults,current_smoking_adults,Age-adjusted Prevalence,16.3,14.0,18.9,Overall,Overall
2021,2021,SD,South Dakota,Diabetes,Diabetes among adults,diabetes_adults,Age-adjusted Prevalence,9.6,8.3,11.2,Overall,Overall
2021,2021,SD,South Dakota,Cardiovascular Disease,High blood pressure among adults,high_blood_pressure_adults,Age-adjusted Prevalence,47.6,44.4,50.9,Overall,Overall
2021,2021,SD,South Dakota,Cardiovascular Disease,High cholesterol among adults who have been screened,high_cholesterol_screened_adults,Age-adjusted Prevalence,30.4,27.7,33.4,Overall,Overall
2021,2021,SD,South Dakota,Social Determinants of Health,Lack of health insurance among adults aged 18-64 years,lack_health_insurance_adults_18_64,Age-adjusted Prevalence,8.9,7.2,11.1,Overall,Overall
2021,2021,SD,South Dakota,"Nutrition, Physical Activity, and Weight Status",No leisure-time physical activity among adults,no_leisure_physical_activity_adults,Age-adjusted Prevalence,22.4,20.2,24.8,Overall,Overall
2021,2021,SD,South Dakota,"Nutrition, Physical Activity, and Weight Status",Obesity among adults,obesity_adults,Age-adjusted Prevalence,38.9,35.9,42.0,Overall,Overall
2021,2021,SD,South Dakota,Social Determinants of Health,Routine checkup within the past year among adults,routine_checkup_past_year_adults,Age-adjusted Prevalence,74.0,71.2,76.6,Overall,Overall
2022,2022,SD,South Dakota,Tobacco,Current cigarette smoking among adults,current_smoking_adults,Age-adjusted Prevalence,14.6,12.2,17.3,Overall,Overall
2022,2022,SD,South Dakota,Diabetes,Diabetes among adults,diabetes_adults,Age-adjusted Prevalence,8.1,6.8,9.6,Overall,Overall
2022,2022,SD,South Dakota,Social Determinants of Health,Lack of health insurance among adults aged 18-64 years,lack_health_insurance_adults_18_64,Age-adjusted Prevalence,,,,Overall,Overall
2022,2022,SD,South Dakota,"Nutrition, Physical Activity, and Weight Status",No leisure-time physical activity among adults,no_leisure_physical_activity_adults,Age-adjusted Prevalence,22.3,19.7,25.2,Overall,Overall
2022,2022,SD,South Dakota,"Nutrition, Physical Activity, and Weight Status",Obesity among adults,obesity_adults,Age-adjusted Prevalence,37.2,33.8,40.8,Overall,Overall
2022,2022,SD,South Dakota,Social Determinants of Health,Routine checkup within the past year among adults,routine_checkup_past_year_adults,Age-adjusted Prevalence,,,,Overall,Overall
2019,2019,TN,Tennessee,Tobacco,Current cigarette smoking among adults,current_smoking_adults,Age-adjusted Prevalence,20.8,19.2,22.4,Overall,Overall
2019,2019,TN,Tennessee,Diabetes,Diabetes among adults,diabetes_adults,Age-adjusted Prevalence,12.2,11.3,13.2,Overall,Overall
2019,2019,TN,Tennessee,Cardiovascular Disease,High blood pressure among adults,high_blood_pressure_adults,Age-adjusted Prevalence,56.3,54.4,58.3,Overall,Overall
2019,2019,TN,Tennessee,Cardiovascular Disease,High cholesterol among adults who have been screened,high_cholesterol_screened_adults,Age-adjusted Prevalence,31.4,29.8,33.0,Overall,Overall
2019,2019,TN,Tennessee,Social Determinants of Health,Lack of health insurance among adults aged 18-64 years,lack_health_insurance_adults_18_64,Age-adjusted Prevalence,18.1,16.3,20.0,Overall,Overall
2019,2019,TN,Tennessee,"Nutrition, Physical Activity, and Weight Status",No leisure-time physical activity among adults,no_leisure_physical_activity_adults,Age-adjusted Prevalence,29.0,27.3,30.8,Overall,Overall
2019,2019,TN,Tennessee,"Nutrition, Physical Activity, and Weight Status",Obesity among adults,obesity_adults,Age-adjusted Prevalence,36.6,34.8,38.5,Overall,Overall
2019,2019,TN,Tennessee,Social Determinants of Health,Routine checkup within the past year among adults,routine_checkup_past_year_adults,Age-adjusted Prevalence,77.0,75.3,78.6,Overall,Overall
2020,2020,TN,Tennessee,Tobacco,Current cigarette smoking among adults,current_smoking_adults,Age-adjusted Prevalence,19.7,18.0,21.5,Overall,Overall
2020,2020,TN,Tennessee,Diabetes,Diabetes among adults,diabetes_adults,Age-adjusted Prevalence,12.8,11.6,14.1,Overall,Overall
2020,2020,TN,Tennessee,Social Determinants of Health,Lack of health insurance among adults aged 18-64 years,lack_health_insurance_adults_18_64,Age-adjusted Prevalence,16.4,14.6,18.4,Overall,Overall
2020,2020,TN,Tennessee,"Nutrition, Physical Activity, and Weight Status",No leisure-time physical activity among adults,no_leisure_physical_activity_adults,Age-adjusted Prevalence,23.6,21.9,25.3,Overall,Overall
2020,2020,TN,Tennessee,"Nutrition, Physical Activity, and Weight Status",Obesity among adults,obesity_adults,Age-adjusted Prevalence,35.8,33.7,37.9,Overall,Overall
2020,2020,TN,Tennessee,Social Determinants of Health,Routine checkup within the past year among adults,routine_checkup_past_year_adults,Age-adjusted Prevalence,73.8,71.8,75.6,Overall,Overall
2021,2021,TN,Tennessee,Tobacco,Current cigarette smoking among adults,current_smoking_adults,Age-adjusted Prevalence,20.2,18.6,21.9,Overall,Overall
2021,2021,TN,Tennessee,Diabetes,Diabetes among adults,diabetes_adults,Age-adjusted Prevalence,12.3,11.3,13.4,Overall,Overall
2021,2021,TN,Tennessee,Cardiovascular Disease,High blood pressure among adults,high_blood_pressure_adults,Age-adjusted Prevalence,54.9,52.5,57.1,Overall,Overall
2021,2021,TN,Tennessee,Cardiovascular Disease,High cholesterol among adults who have been screened,high_cholesterol_screened_adults,Age-adjusted Prevalence,33.4,31.6,35.3,Overall,Overall
2021,2021,TN,Tennessee,Social Determinants of Health,Lack of health insurance among adults aged 18-64 years,lack_health_insurance_adults_18_64,Age-adjusted Prevalence,11.6,10.1,13.2,Overall,Overall
2021,2021,TN,Tennessee,"Nutrition, Physical Activity, and Weight Status",No leisure-time physical activity among adults,no_leisure_physical_activity_adults,Age-adjusted Prevalence,27.4,25.7,29.2,Overall,Overall
2021,2021,TN,Tennessee,"Nutrition, Physical Activity, and Weight Status",Obesity among adults,obesity_adults,Age-adjusted Prevalence,35.5,33.6,37.4,Overall,Overall
2021,2021,TN,Tennessee,Social Determinants of Health,Routine checkup within the past year among adults,routine_checkup_past_year_adults,Age-adjusted Prevalence,76.8,75.1,78.4,Overall,Overall
2022,2022,TN,Tennessee,Tobacco,Current cigarette smoking among adults,current_smoking_adults,Age-adjusted Prevalence,19.2,17.7,20.7,Overall,Overall
2022,2022,TN,Tennessee,Diabetes,Diabetes among adults,diabetes_adults,Age-adjusted Prevalence,13.1,12.1,14.2,Overall,Overall
2022,2022,TN,Tennessee,Social Determinants of Health,Lack of health insurance among adults aged 18-64 years,lack_health_insurance_adults_18_64,Age-adjusted Prevalence,13.7,12.1,15.4,Overall,Overall
2022,2022,TN,Tennessee,"Nutrition, Physical Activity, and Weight Status",No leisure-time physical activity among adults,no_leisure_physical_activity_adults,Age-adjusted Prevalence,26.5,24.9,28.1,Overall,Overall
2022,2022,TN,Tennessee,"Nutrition, Physical Activity, and Weight Status",Obesity among adults,obesity_adults,Age-adjusted Prevalence,39.1,37.2,41.1,Overall,Overall
2022,2022,TN,Tennessee,Social Determinants of Health,Routine checkup within the past year among adults,routine_checkup_past_year_adults,Age-adjusted Prevalence,75.7,74.0,77.4,Overall,Overall
2019,2019,TX,Texas,Tobacco,Current cigarette smoking among adults,current_smoking_adults,Age-adjusted Prevalence,14.9,13.6,16.2,Overall,Overall
2019,2019,TX,Texas,Diabetes,Diabetes among adults,diabetes_adults,Age-adjusted Prevalence,11.9,10.9,13.0,Overall,Overall
2019,2019,TX,Texas,Cardiovascular Disease,High blood pressure among adults,high_blood_pressure_adults,Age-adjusted Prevalence,52.1,50.0,54.2,Overall,Overall
2019,2019,TX,Texas,Cardiovascular Disease,High cholesterol among adults who have been screened,high_cholesterol_screened_adults,Age-adjusted Prevalence,32.1,30.5,33.8,Overall,Overall
2019,2019,TX,Texas,Social Determinants of Health,Lack of health insurance among adults aged 18-64 years,lack_health_insurance_adults_18_64,Age-adjusted Prevalence,28.3,26.5,30.2,Overall,Overall
2019,2019,TX,Texas,"Nutrition, Physical Activity, and Weight Status",No leisure-time physical activity among adults,no_leisure_physical_activity_adults,Age-adjusted Prevalence,26.9,25.3,28.6,Overall,Overall
2019,2019,TX,Texas,"Nutrition, Physical Activity, and Weight Status",Obesity among adults,obesity_adults,Age-adjusted Prevalence,34.1,32.4,35.9,Overall,Overall
2019,2019,TX,Texas,Social Determinants of Health,Routine checkup within the past year among adults,routine_checkup_past_year_adults,Age-adjusted Prevalence,73.3,71.7,74.9,Overall,Overall
2020,2020,TX,Texas,Tobacco,Current cigarette smoking among adults,current_smoking_adults,Age-adjusted Prevalence,13.3,12.1,14.6,Overall,Overall
2020,2020,TX,Texas,Diabetes,Diabetes among adults,diabetes_adults,Age-adjusted Prevalence,12.2,11.1,13.3,Overall,Overall
2020,2020,TX,Texas,Social Determinants of Health,Lack of health insurance among adults aged 18-64 years,lack_health_insurance_adults_18_64,Age-adjusted Prevalence,29.0,27.1,31.0,Overall,Overall
2020,2020,TX,Texas,"Nutrition, Physical Activity, and Weight Status",No leisure-time physical activity among adults,no_leisure_physical_activity_adults,Age-adjusted Prevalence,25.4,23.8,27.1,Overall,Overall
2020,2020,TX,Texas,"Nutrition, Physical Activity, and Weight Status",Obesity among adults,obesity_adults,Age-adjusted Prevalence,35.8,33.9,37.7,Overall,Overall
2020,2020,TX,Texas,Social Determinants of Health,Routine checkup within the past year among adults,routine_checkup_past_year_adults,Age-adjusted Prevalence,72.0,70.3,73.6,Overall,Overall
2021,2021,TX,Texas,Tobacco,Current cigarette smoking among adults,current_smoking_adults,Age-adjusted Prevalence,13.3,12.2,14.6,Overall,Overall
2021,2021,TX,Texas,Diabetes,Diabetes among adults,diabetes_adults,Age-adjusted Prevalence,11.2,10.2,12.2,Overall,Overall
2021,2021,TX,Texas,Cardiovascular Disease,High blood pressure among adults,high_blood_pressure_adults,Age-adjusted Prevalence,51.1,48.9,53.3,Overall,Overall
2021,2021,TX,Texas,Cardiovascular Disease,High cholesterol among adults who have been screened,high_cholesterol_screened_adults,Age-adjusted Prevalence,32.8,31.2,34.5,Overall,Overall
2021,2021,TX,Texas,Social Determinants of Health,Lack of health insurance among adults aged 18-64 years,lack_health_insurance_adults_18_64,Age-adjusted Prevalence,24.0,22.3,25.8,Overall,Overall
2021,2021,TX,Texas,"Nutrition, Physical Activity, and Weight Status",No leisure-time physical activity among adults,no_leisure_physical_activity_adults,Age-adjusted Prevalence,24.9,23.5,26.4,Overall,Overall
2021,2021,TX,Texas,"Nutrition, Physical Activity, and Weight Status",Obesity among adults,obesity_adults,Age-adjusted Prevalence,36.2,34.5,38.0,Overall,Overall
2021,2021,TX,Texas,Social Determinants of Health,Routine checkup within the past year among adults,routine_checkup_past_year_adults,Age-adjusted Prevalence,68.9,67.3,70.5,Overall,Overall
2022,2022,TX,Texas,Tobacco,Current cigarette smoking among adults,current_smoking_adults,Age-adjusted Prevalence,12.0,11.0,13.0,Overall,Overall
2022,2022,TX,Texas,Diabetes,Diabetes among adults,diabetes_adults,Age-adjusted Prevalence,13.4,12.4,14.6,Overall,Overall
2022,2022,TX,Texas,Social Determinants of Health,Lack of health insurance among adults aged 18-64 years,lack_health_insurance_adults_18_64,Age-adjusted Prevalence,21.5,20.1,23.1,Overall,Overall
2022,2022,TX,Texas,"Nutrition, Physical Activity, and Weight Status",No leisure-time physical activity among adults,no_leisure_physical_activity_adults,Age-adjusted Prevalence,25.3,23.9,26.7,Overall,Overall
2022,2022,TX,Texas,"Nutrition, Physical Activity, and Weight Status",Obesity among adults,obesity_adults,Age-adjusted Prevalence,35.7,34.1,37.2,Overall,Overall
2022,2022,TX,Texas,Social Determinants of Health,Routine checkup within the past year among adults,routine_checkup_past_year_adults,Age-adjusted Prevalence,72.6,71.2,74.0,Overall,Overall
2019,2019,UT,Utah,Tobacco,Current cigarette smoking among adults,current_smoking_adults,Age-adjusted Prevalence,7.9,7.3,8.6,Overall,Overall
2019,2019,UT,Utah,Diabetes,Diabetes among adults,diabetes_adults,Age-adjusted Prevalence,8.4,7.8,9.0,Overall,Overall
2019,2019,UT,Utah,Cardiovascular Disease,High blood pressure among adults,high_blood_pressure_adults,Age-adjusted Prevalence,43.6,42.1,45.0,Overall,Overall
2019,2019,UT,Utah,Cardiovascular Disease,High cholesterol among adults who have been screened,high_cholesterol_screened_adults,Age-adjusted Prevalence,27.8,26.8,28.9,Overall,Overall
2019,2019,UT,Utah,Social Determinants of Health,Lack of health insurance among adults aged 18-64 years,lack_health_insurance_adults_18_64,Age-adjusted Prevalence,14.7,13.7,15.7,Overall,Overall
2019,2019,UT,Utah,"Nutrition, Physical Activity, and Weight Status",No leisure-time physical activity among adults,no_leisure_physical_activity_adults,Age-adjusted Prevalence,18.7,17.8,19.6,Overall,Overall
2019,2019,UT,Utah,"Nutrition, Physical Activity, and Weight Status",Obesity among adults,obesity_adults,Age-adjusted Prevalence,29.9,28.8,31.0,Overall,Overall
2019,2019,UT,Utah,Social Determinants of Health,Routine checkup within the past year among adults,routine_checkup_past_year_adults,Age-adjusted Prevalence,69.8,68.7,70.8,Overall,Overall
2020,2020,UT,Utah,Tobacco,Current cigarette smoking among adults,current_smoking_adults,Age-adjusted Prevalence,8.3,7.5,9.0,Overall,Overall
2020,2020,UT,Utah,Diabetes,Diabetes among adults,diabetes_adults,Age-adjusted Prevalence,8.6,8.0,9.2,Overall,Overall
2020,2020,UT,Utah,Social Determinants of Health,Lack of health insurance among adults aged 18-64 years,lack_health_insurance_adults_18_64,Age-adjusted Prevalence,13.7,12.6,14.8,Overall,Overall
2020,2020,UT,Utah,"Nutrition, Physical Activity, and Weight Status",No leisure-time physical activity among adults,no_leisure_physical_activity_adults,Age-adjusted Prevalence,16.3,15.4,17.2,Overall,Overall
2020,2020,UT,Utah,"Nutrition, Physical Activity, and Weight Status",Obesity among adults,obesity_adults,Age-adjusted Prevalence,29.3,28.2,30.4,Overall,Overall
2020,2020,UT,Utah,Social Determinants of Health,Routine checkup within the past year among adults,routine_checkup_past_year_adults,Age-adjusted Prevalence,69.0,67.9,70.1,Overall,Overall
2021,2021,UT,Utah,Tobacco,Current cigarette smoking among adults,current_smoking_adults,Age-adjusted Prevalence,7.3,6.7,8.0,Overall,Overall
2021,2021,UT,Utah,Diabetes,Diabetes among adults,diabetes_adults,Age-adjusted Prevalence,8.3,7.7,8.9,Overall,Overall
2021,2021,UT,Utah,Cardiovascular Disease,High blood pressure among adults,high_blood_pressure_adults,Age-adjusted Prevalence,43.1,41.7,44.6,Overall,Overall
2021,2021,UT,Utah,Cardiovascular Disease,High cholesterol among adults who have been screened,high_cholesterol_screened_adults,Age-adjusted Prevalence,29.4,28.3,30.6,Overall,Overall
2021,2021,UT,Utah,Social Determinants of Health,Lack of health insurance among adults aged 18-64 years,lack_health_insurance_adults_18_64,Age-adjusted Prevalence,10.3,9.4,11.2,Overall,Overall
2021,2021,UT,Utah,"Nutrition, Physical Activity, and Weight Status",No leisure-time physical activity among adults,no_leisure_physical_activity_adults,Age-adjusted Prevalence,17.5,16.7,18.5,Overall,Overall
2021,2021,UT,Utah,"Nutrition, Physical Activity, and Weight Status",Obesity among adults,obesity_adults,Age-adjusted Prevalence,31.6,30.5,32.8,Overall,Overall
2021,2021,UT,Utah,Social Determinants of Health,Routine checkup within the past year among adults,routine_checkup_past_year_adults,Age-adjusted Prevalence,69.8,68.7,70.9,Overall,Overall
2022,2022,UT,Utah,Tobacco,Current cigarette smoking among adults,current_smoking_adults,Age-adjusted Prevalence,6.9,6.2,7.6,Overall,Overall
2022,2022,UT,Utah,Diabetes,Diabetes among adults,diabetes_adults,Age-adjusted Prevalence,9.1,8.4,9.7,Overall,Overall
2022,2022,UT,Utah,Social Determinants of Health,Lack of health insurance among adults aged 18-64 years,lack_health_insurance_adults_18_64,Age-adjusted Prevalence,10.4,9.5,11.4,Overall,Overall
2022,2022,UT,Utah,"Nutrition, Physical Activity, and Weight Status",No leisure-time physical activity among adults,no_leisure_physical_activity_adults,Age-adjusted Prevalence,17.1,16.1,18.1,Overall,Overall
2022,2022,UT,Utah,"Nutrition, Physical Activity, and Weight Status",Obesity among adults,obesity_adults,Age-adjusted Prevalence,31.8,30.6,33.1,Overall,Overall
2022,2022,UT,Utah,Social Determinants of Health,Routine checkup within the past year among adults,routine_checkup_past_year_adults,Age-adjusted Prevalence,70.2,69.0,71.4,Overall,Overall
2019,2019,VA,Virginia,Tobacco,Current cigarette smoking among adults,current_smoking_adults,Age-adjusted Prevalence,14.3,13.3,15.4,Overall,Overall
2019,2019,VA,Virginia,Diabetes,Diabetes among adults,diabetes_adults,Age-adjusted Prevalence,9.9,9.3,10.6,Overall,Overall
2019,2019,VA,Virginia,Cardiovascular Disease,High blood pressure among adults,high_blood_pressure_adults,Age-adjusted Prevalence,51.1,49.5,52.6,Overall,Overall
2019,2019,VA,Virginia,Cardiovascular Disease,High cholesterol among adults who have been screened,high_cholesterol_screened_adults,Age-adjusted Prevalence,29.0,27.7,30.3,Overall,Overall
2019,2019,VA,Virginia,Social Determinants of Health,Lack of health insurance among adults aged 18-64 years,lack_health_insurance_adults_18_64,Age-adjusted Prevalence,13.3,12.1,14.6,Overall,Overall
2019,2019,VA,Virginia,"Nutrition, Physical Activity, and Weight Status",No leisure-time physical activity among adults,no_leisure_physical_activity_adults,Age-adjusted Prevalence,24.8,23.5,26.1,Overall,Overall
2019,2019,VA,Virginia,"Nutrition, Physical Activity, and Weight Status",Obesity among adults,obesity_adults,Age-adjusted Prevalence,31.8,30.5,33.2,Overall,Overall
2019,2019,VA,Virginia,Social Determinants of Health,Routine checkup within the past year among adults,routine_checkup_past_year_adults,Age-adjusted Prevalence,78.9,77.6,80.1,Overall,Overall
2020,2020,VA,Virginia,Tobacco,Current cigarette smoking among adults,current_smoking_adults,Age-adjusted Prevalence,13.9,12.9,15.0,Overall,Overall
2020,2020,VA,Virginia,Diabetes,Diabetes among adults,diabetes_adults,Age-adjusted Prevalence,9.9,9.2,10.7,Overall,Overall
2020,2020,VA,Virginia,Social Determinants of Health,Lack of health insurance among adults aged 18-64 years,lack_health_insurance_adults_18_64,Age-adjusted Prevalence,14.0,12.8,15.3,Overall,Overall
2020,2020,VA,Virginia,"Nutrition, Physical Activity, and Weight Status",No leisure-time physical activity among adults,no_leisure_physical_activity_adults,Age-adjusted Prevalence,20.4,19.3,21.6,Overall,Overall
2020,2020,VA,Virginia,"Nutrition, Physical Activity, and Weight Status",Obesity among adults,obesity_adults,Age-adjusted Prevalence,32.4,31.0,33.8,Overall,Overall
2020,2020,VA,Virginia,Social Determinants of Health,Routine checkup within the past year among adults,routine_checkup_past_year_adults,Age-adjusted Prevalence,76.0,74.7,77.3,Overall,Overall
2021,2021,VA,Virginia,Tobacco,Current cigarette smoking among adults,current_smoking_adults,Age-adjusted Prevalence,12.9,11.9,13.9,Overall,Overall
2021,2021,VA,Virginia,Diabetes,Diabetes among adults,diabetes_adults,Age-adjusted Prevalence,10.2,9.5,11.0,Overall,Overall
2021,2021,VA,Virginia,Cardiovascular Disease,High blood pressure among adults,high_blood_pressure_adults,Age-adjusted Prevalence,52.0,50.4,53.5,Overall,Overall
2021,2021,VA,Virginia,Cardiovascular Disease,High cholesterol among adults who have been screened,high_cholesterol_screened_adults,Age-adjusted Prevalence,33.8,32.4,35.2,Overall,Overall
2021,2021,VA,Virginia,Social Determinants of Health,Lack of health insurance among adults aged 18-64 years,lack_health_insurance_adults_18_64,Age-adjusted Prevalence,7.2,6.2,8.3,Overall,Overall
2021,2021,VA,Virginia,"Nutrition, Physical Activity, and Weight Status",No leisure-time physical activity among adults,no_leisure_physical_activity_adults,Age-adjusted Prevalence,20.4,19.3,21.6,Overall,Overall
2021,2021,VA,Virginia,"Nutrition, Physical Activity, and Weight Status",Obesity among adults,obesity_adults,Age-adjusted Prevalence,34.2,32.8,35.7,Overall,Overall
2021,2021,VA,Virginia,Social Determinants of Health,Routine checkup within the past year among adults,routine_checkup_past_year_adults,Age-adjusted Prevalence,75.1,73.8,76.4,Overall,Overall
2022,2022,VA,Virginia,Tobacco,Current cigarette smoking among adults,current_smoking_adults,Age-adjusted Prevalence,12.3,11.4,13.3,Overall,Overall
2022,2022,VA,Virginia,Diabetes,Diabetes among adults,diabetes_adults,Age-adjusted Prevalence,11.3,10.6,12.2,Overall,Overall
2022,2022,VA,Virginia,Social Determinants of Health,Lack of health insurance among adults aged 18-64 years,lack_health_insurance_adults_18_64,Age-adjusted Prevalence,,,,Overall,Overall
2022,2022,VA,Virginia,"Nutrition, Physical Activity, and Weight Status",No leisure-time physical activity among adults,no_leisure_physical_activity_adults,Age-adjusted Prevalence,20.2,19.0,21.4,Overall,Overall
2022,2022,VA,Virginia,"Nutrition, Physical Activity, and Weight Status",Obesity among adults,obesity_adults,Age-adjusted Prevalence,35.4,33.9,36.8,Overall,Overall
2022,2022,VA,Virginia,Social Determinants of Health,Routine checkup within the past year among adults,routine_checkup_past_year_adults,Age-adjusted Prevalence,,,,Overall,Overall
2019,2019,VT,Vermont,Tobacco,Current cigarette smoking among adults,current_smoking_adults,Age-adjusted Prevalence,16.2,14.6,18.0,Overall,Overall
2019,2019,VT,Vermont,Diabetes,Diabetes among adults,diabetes_adults,Age-adjusted Prevalence,7.4,6.6,8.4,Overall,Overall
2019,2019,VT,Vermont,Cardiovascular Disease,High blood pressure among adults,high_blood_pressure_adults,Age-adjusted Prevalence,42.8,40.9,44.7,Overall,Overall
2019,2019,VT,Vermont,Cardiovascular Disease,High cholesterol among adults who have been screened,high_cholesterol_screened_adults,Age-adjusted Prevalence,24.6,23.0,26.2,Overall,Overall
2019,2019,VT,Vermont,Social Determinants of Health,Lack of health insurance among adults aged 18-64 years,lack_health_insurance_adults_18_64,Age-adjusted Prevalence,7.3,6.2,8.7,Overall,Overall
2019,2019,VT,Vermont,"Nutrition, Physical Activity, and Weight Status",No leisure-time physical activity among adults,no_leisure_physical_activity_adults,Age-adjusted Prevalence,19.3,17.6,21.0,Overall,Overall
2019,2019,VT,Vermont,"Nutrition, Physical Activity, and Weight Status",Obesity among adults,obesity_adults,Age-adjusted Prevalence,27.1,25.3,29.0,Overall,Overall
2019,2019,VT,Vermont,Social Determinants of Health,Routine checkup within the past year among adults,routine_checkup_past_year_adults,Age-adjusted Prevalence,72.8,70.8,74.7,Overall,Overall
2020,2020,VT,Vermont,Tobacco,Current cigarette smoking among adults,current_smoking_adults,Age-adjusted Prevalence,14.4,12.9,15.9,Overall,Overall
2020,2020,VT,Vermont,Diabetes,Diabetes among adults,diabetes_adults,Age-adjusted Prevalence,6.8,6.1,7.7,Overall,Overall
2020,2020,VT,Vermont,Social Determinants of Health,Lack of health insurance among adults aged 18-64 years,lack_health_insurance_adults_18_64,Age-adjusted Prevalence,8.6,7.4,10.1,Overall,Overall
2020,2020,VT,Vermont,"Nutrition, Physical Activity, and Weight Status",No leisure-time physical activity among adults,no_leisure_physical_activity_adults,Age-adjusted Prevalence,17.1,15.8,18.6,Overall,Overall
2020,2020,VT,Vermont,"Nutrition, Physical Activity, and Weight Status",Obesity among adults,obesity_adults,Age-adjusted Prevalence,26.3,24.6,28.1,Overall,Overall
2020,2020,VT,Vermont,Social Determinants of Health,Routine checkup within the past year among adults,routine_checkup_past_year_adults,Age-adjusted Prevalence,69.2,67.3,71.1,Overall,Overall
2021,2021,VT,Vermont,Tobacco,Current cigarette smoking among adults,current_smoking_adults,Age-adjusted Prevalence,16.1,14.7,17.6,Overall,Overall
2021,2021,VT,Vermont,Diabetes,Diabetes among adults,diabetes_adults,Age-adjusted Prevalence,7.2,6.4,8.0,Overall,Overall
2021,2021,VT,Vermont,Cardiovascular Disease,High blood pressure among adults,high_blood_pressure_adults,Age-adjusted Prevalence,42.2,40.3,44.2,Overall,Overall
2021,2021,VT,Vermont,Cardiovascular Disease,High cholesterol among adults who have been screened,high_cholesterol_screened_adults,Age-adjusted Prevalence,26.4,24.7,28.2,Overall,Overall
2021,2021,VT,Vermont,Social Determinants of Health,Lack of health insurance among adults aged 18-64 years,lack_health_insurance_adults_18_64,Age-adjusted Prevalence,6.2,5.0,7.6,Overall,Overall
2021,2021,VT,Vermont,"Nutrition, Physical Activity, and Weight Status",No leisure-time physical activity among adults,no_leisure_physical_activity_adults,Age-adjusted Prevalence,16.4,15.1,17.9,Overall,Overall
2021,2021,VT,Vermont,"Nutrition, Physical Activity, and Weight Status",Obesity among adults,obesity_adults,Age-adjusted Prevalence,29.4,27.6,31.2,Overall,Overall
2021,2021,VT,Vermont,Social Determinants of Health,Routine checkup within the past year among adults,routine_checkup_past_year_adults,Age-adjusted Prevalence,68.9,67.0,70.7,Overall,Overall
2022,2022,VT,Vermont,Tobacco,Current cigarette smoking among adults,current_smoking_adults,Age-adjusted Prevalence,13.7,12.5,15.0,Overall,Overall
2022,2022,VT,Vermont,Diabetes,Diabetes among adults,diabetes_adults,Age-adjusted Prevalence,7.0,6.3,7.8,Overall,Overall
2022,2022,VT,Vermont,Social Determinants of Health,Lack of health insurance among adults aged 18-64 years,lack_health_insurance_adults_18_64,Age-adjusted Prevalence,5.7,4.8,6.8,Overall,Overall
2022,2022,VT,Vermont,"Nutrition, Physical Activity, and Weight Status",No leisure-time physical activity among adults,no_leisure_physical_activity_adults,Age-adjusted Prevalence,18.5,17.3,19.8,Overall,Overall
2022,2022,VT,Vermont,"Nutrition, Physical Activity, and Weight Status",Obesity among adults,obesity_adults,Age-adjusted Prevalence,26.9,25.4,28.4,Overall,Overall
2022,2022,VT,Vermont,Social Determinants of Health,Routine checkup within the past year among adults,routine_checkup_past_year_adults,Age-adjusted Prevalence,72.9,71.4,74.3,Overall,Overall
2019,2019,WA,Washington,Tobacco,Current cigarette smoking among adults,current_smoking_adults,Age-adjusted Prevalence,12.9,12.1,13.7,Overall,Overall
2019,2019,WA,Washington,Diabetes,Diabetes among adults,diabetes_adults,Age-adjusted Prevalence,8.6,8.1,9.2,Overall,Overall
2019,2019,WA,Washington,Cardiovascular Disease,High blood pressure among adults,high_blood_pressure_adults,Age-adjusted Prevalence,45.8,44.5,47.2,Overall,Overall
2019,2019,WA,Washington,Cardiovascular Disease,High cholesterol among adults who have been screened,high_cholesterol_screened_adults,Age-adjusted Prevalence,27.6,26.6,28.6,Overall,Overall
2019,2019,WA,Washington,Social Determinants of Health,Lack of health insurance among adults aged 18-64 years,lack_health_insurance_adults_18_64,Age-adjusted Prevalence,12.0,11.1,12.9,Overall,Overall
2019,2019,WA,Washington,"Nutrition, Physical Activity, and Weight Status",No leisure-time physical activity among adults,no_leisure_physical_activity_adults,Age-adjusted Prevalence,18.9,18.0,19.9,Overall,Overall
2019,2019,WA,Washington,"Nutrition, Physical Activity, and Weight Status",Obesity among adults,obesity_adults,Age-adjusted Prevalence,28.2,27.1,29.3,Overall,Overall
2019,2019,WA,Washington,Social Determinants of Health,Routine checkup within the past year among adults,routine_checkup_past_year_adults,Age-adjusted Prevalence,70.6,69.5,71.7,Overall,Overall
2020,2020,WA,Washington,Tobacco,Current cigarette smoking among adults,current_smoking_adults,Age-adjusted Prevalence,11.6,10.9,12.4,Overall,Overall
2020,2020,WA,Washington,Diabetes,Diabetes among adults,diabetes_adults,Age-adjusted Prevalence,7.9,7.4,8.5,Overall,Overall
2020,2020,WA,Washington,Social Determinants of Health,Lack of health insurance among adults aged 18-64 years,lack_health_insurance_adults_18_64,Age-adjusted Prevalence,11.4,10.5,12.3,Overall,Overall
2020,2020,WA,Washington,"Nutrition, Physical Activity, and Weight Status",No leisure-time physical activity among adults,no_leisure_physical_activity_adults,Age-adjusted Prevalence,17.5,16.6,18.4,Overall,Overall
2020,2020,WA,Washington,"Nutrition, Physical Activity, and Weight Status",Obesity among adults,obesity_adults,Age-adjusted Prevalence,28.0,26.9,29.1,Overall,Overall
2020,2020,WA,Washington,Social Determinants of Health,Routine checkup within the past year among adults,routine_checkup_past_year_adults,Age-adjusted Prevalence,69.4,68.3,70.5,Overall,Overall
2021,2021,WA,Washington,Tobacco,Current cigarette smoking among adults,current_smoking_adults,Age-adjusted Prevalence,10.8,10.1,11.6,Overall,Overall
2021,2021,WA,Washington,Diabetes,Diabetes among adults,diabetes_adults,Age-adjusted Prevalence,7.9,7.4,8.5,Overall,Overall
2021,2021,WA,Washington,Cardiovascular Disease,High blood pressure among adults,high_blood_pressure_adults,Age-adjusted Prevalence,44.2,42.8,45.5,Overall,Overall
2021,2021,WA,Washington,Cardiovascular Disease,High cholesterol among adults who have been screened,high_cholesterol_screened_adults,Age-adjusted Prevalence,29.1,28.1,30.2,Overall,Overall
2021,2021,WA,Washington,Social Determinants of Health,Lack of health insurance among adults aged 18-64 years,lack_health_insurance_adults_18_64,Age-adjusted Prevalence,8.0,7.3,8.8,Overall,Overall
2021,2021,WA,Washington,"Nutrition, Physical Activity, and Weight Status",No leisure-time physical activity among adults,no_leisure_physical_activity_adults,Age-adjusted Prevalence,17.5,16.6,18.4,Overall,Overall
2021,2021,WA,Washington,"Nutrition, Physical Activity, and Weight Status",Obesity among adults,obesity_adults,Age-adjusted Prevalence,28.7,27.6,29.8,Overall,Overall
2021,2021,WA,Washington,Social Determinants of Health,Routine checkup within the past year among adults,routine_checkup_past_year_adults,Age-adjusted Prevalence,65.4,64.2,66.5,Overall,Overall
2022,2022,WA,Washington,Tobacco,Current cigarette smoking among adults,current_smoking_adults,Age-adjusted Prevalence,10.1,9.6,10.7,Overall,Overall
2022,2022,WA,Washington,Diabetes,Diabetes among adults,diabetes_adults,Age-adjusted Prevalence,8.8,8.4,9.3,Overall,Overall
2022,2022,WA,Washington,Social Determinants of Health,Lack of health insurance among adults aged 18-64 years,lack_health_insurance_adults_18_64,Age-adjusted Prevalence,7.9,7.3,8.5,Overall,Overall
2022,2022,WA,Washington,"Nutrition, Physical Activity, and Weight Status",No leisure-time physical activity among adults,no_leisure_physical_activity_adults,Age-adjusted Prevalence,17.1,16.4,17.7,Overall,Overall
2022,2022,WA,Washington,"Nutrition, Physical Activity, and Weight Status",Obesity among adults,obesity_adults,Age-adjusted Prevalence,31.6,30.8,32.5,Overall,Overall
2022,2022,WA,Washington,Social Determinants of Health,Routine checkup within the past year among adults,routine_checkup_past_year_adults,Age-adjusted Prevalence,69.5,68.7,70.3,Overall,Overall
2019,2019,WI,Wisconsin,Tobacco,Current cigarette smoking among adults,current_smoking_adults,Age-adjusted Prevalence,16.2,14.7,17.9,Overall,Overall
2019,2019,WI,Wisconsin,Diabetes,Diabetes among adults,diabetes_adults,Age-adjusted Prevalence,7.5,6.7,8.4,Overall,Overall
2019,2019,WI,Wisconsin,Cardiovascular Disease,High blood pressure among adults,high_blood_pressure_adults,Age-adjusted Prevalence,46.0,43.9,48.1,Overall,Overall
2019,2019,WI,Wisconsin,Cardiovascular Disease,High cholesterol among adults who have been screened,high_cholesterol_screened_adults,Age-adjusted Prevalence,28.6,26.9,30.4,Overall,Overall
2019,2019,WI,Wisconsin,Social Determinants of Health,Lack of health insurance among adults aged 18-64 years,lack_health_insurance_adults_18_64,Age-adjusted Prevalence,11.5,9.9,13.4,Overall,Overall
2019,2019,WI,Wisconsin,"Nutrition, Physical Activity, and Weight Status",No leisure-time physical activity among adults,no_leisure_physical_activity_adults,Age-adjusted Prevalence,22.3,20.7,24.1,Overall,Overall
2019,2019,WI,Wisconsin,"Nutrition, Physical Activity, and Weight Status",Obesity among adults,obesity_adults,Age-adjusted Prevalence,34.3,32.3,36.3,Overall,Overall
2019,2019,WI,Wisconsin,Social Determinants of Health,Routine checkup within the past year among adults,routine_checkup_past_year_adults,Age-adjusted Prevalence,74.2,72.3,76.0,Overall,Overall
2020,2020,WI,Wisconsin,Tobacco,Current cigarette smoking among adults,current_smoking_adults,Age-adjusted Prevalence,16.1,14.5,17.8,Overall,Overall
2020,2020,WI,Wisconsin,Diabetes,Diabetes among adults,diabetes_adults,Age-adjusted Prevalence,7.7,6.9,8.6,Overall,Overall
2020,2020,WI,Wisconsin,Social Determinants of Health,Lack of health insurance among adults aged 18-64 years,lack_health_insurance_adults_18_64,Age-adjusted Prevalence,9.5,8.1,11.1,Overall,Overall
2020,2020,WI,Wisconsin,"Nutrition, Physical Activity, and Weight Status",No leisure-time physical activity among adults,no_leisure_physical_activity_adults,Age-adjusted Prevalence,19.8,18.1,21.5,Overall,Overall
2020,2020,WI,Wisconsin,"Nutrition, Physical Activity, and Weight Status",Obesity among adults,obesity_adults,Age-adjusted Prevalence,32.7,30.7,34.7,Overall,Overall
2020,2020,WI,Wisconsin,Social Determinants of Health,Routine checkup within the past year among adults,routine_checkup_past_year_adults,Age-adjusted Prevalence,72.2,70.2,74.0,Overall,Overall
2021,2021,WI,Wisconsin,Tobacco,Current cigarette smoking among adults,current_smoking_adults,Age-adjusted Prevalence,13.8,12.4,15.2,Overall,Overall
2021,2021,WI,Wisconsin,Diabetes,Diabetes among adults,diabetes_adults,Age-adjusted Prevalence,8.0,7.1,9.0,Overall,Overall
2021,2021,WI,Wisconsin,Cardiovascular Disease,High blood pressure among adults,high_blood_pressure_adults,Age-adjusted Prevalence,47.9,45.7,50.0,Overall,Overall
2021,2021,WI,Wisconsin,Cardiovascular Disease,High cholesterol among adults who have been screened,high_cholesterol_screened_adults,Age-adjusted Prevalence,30.6,28.8,32.4,Overall,Overall
2021,2021,WI,Wisconsin,Social Determinants of Health,Lack of health insurance among adults aged 18-64 years,lack_health_insurance_adults_18_64,Age-adjusted Prevalence,6.0,4.8,7.4,Overall,Overall
2021,2021,WI,Wisconsin,"Nutrition, Physical Activity, and Weight Status",No leisure-time physical activity among adults,no_leisure_physical_activity_adults,Age-adjusted Prevalence,19.3,17.8,20.8,Overall,Overall
2021,2021,WI,Wisconsin,"Nutrition, Physical Activity, and Weight Status",Obesity among adults,obesity_adults,Age-adjusted Prevalence,33.5,31.6,35.4,Overall,Overall
2021,2021,WI,Wisconsin,Social Determinants of Health,Routine checkup within the past year among adults,routine_checkup_past_year_adults,Age-adjusted Prevalence,71.5,69.6,73.3,Overall,Overall
2022,2022,WI,Wisconsin,Tobacco,Current cigarette smoking among adults,current_smoking_adults,Age-adjusted Prevalence,15.0,14.0,16.1,Overall,Overall
2022,2022,WI,Wisconsin,Diabetes,Diabetes among adults,diabetes_adults,Age-adjusted Prevalence,8.9,8.3,9.6,Overall,Overall
2022,2022,WI,Wisconsin,Social Determinants of Health,Lack of health insurance among adults aged 18-64 years,lack_health_insurance_adults_18_64,Age-adjusted Prevalence,6.9,6.1,7.9,Overall,Overall
2022,2022,WI,Wisconsin,"Nutrition, Physical Activity, and Weight Status",No leisure-time physical activity among adults,no_leisure_physical_activity_adults,Age-adjusted Prevalence,21.3,20.2,22.4,Overall,Overall
2022,2022,WI,Wisconsin,"Nutrition, Physical Activity, and Weight Status",Obesity among adults,obesity_adults,Age-adjusted Prevalence,38.1,36.7,39.5,Overall,Overall
2022,2022,WI,Wisconsin,Social Determinants of Health,Routine checkup within the past year among adults,routine_checkup_past_year_adults,Age-adjusted Prevalence,74.0,72.7,75.3,Overall,Overall
2019,2019,WV,West Virginia,Tobacco,Current cigarette smoking among adults,current_smoking_adults,Age-adjusted Prevalence,25.9,24.1,27.7,Overall,Overall
2019,2019,WV,West Virginia,Diabetes,Diabetes among adults,diabetes_adults,Age-adjusted Prevalence,13.2,12.2,14.3,Overall,Overall
2019,2019,WV,West Virginia,Cardiovascular Disease,High blood pressure among adults,high_blood_pressure_adults,Age-adjusted Prevalence,59.4,57.6,61.3,Overall,Overall
2019,2019,WV,West Virginia,Cardiovascular Disease,High cholesterol among adults who have been screened,high_cholesterol_screened_adults,Age-adjusted Prevalence,33.2,31.5,34.9,Overall,Overall
2019,2019,WV,West Virginia,Social Determinants of Health,Lack of health insurance among adults aged 18-64 years,lack_health_insurance_adults_18_64,Age-adjusted Prevalence,11.7,10.3,13.4,Overall,Overall
2019,2019,WV,West Virginia,"Nutrition, Physical Activity, and Weight Status",No leisure-time physical activity among adults,no_leisure_physical_activity_adults,Age-adjusted Prevalence,29.5,27.8,31.2,Overall,Overall
2019,2019,WV,West Virginia,"Nutrition, Physical Activity, and Weight Status",Obesity among adults,obesity_adults,Age-adjusted Prevalence,39.7,37.8,41.7,Overall,Overall
2019,2019,WV,West Virginia,Social Determinants of Health,Routine checkup within the past year among adults,routine_checkup_past_year_adults,Age-adjusted Prevalence,77.8,75.9,79.5,Overall,Overall
2020,2020,WV,West Virginia,Tobacco,Current cigarette smoking among adults,current_smoking_adults,Age-adjusted Prevalence,24.0,22.5,25.6,Overall,Overall
2020,2020,WV,West Virginia,Diabetes,Diabetes among adults,diabetes_adults,Age-adjusted Prevalence,13.3,12.3,14.2,Overall,Overall
2020,2020,WV,West Virginia,Social Determinants of Health,Lack of health insurance among adults aged 18-64 years,lack_health_insurance_adults_18_64,Age-adjusted Prevalence,10.6,9.3,12.1,Overall,Overall
2020,2020,WV,West Virginia,"Nutrition, Physical Activity, and Weight Status",No leisure-time physical activity among adults,no_leisure_physical_activity_adults,Age-adjusted Prevalence,27.4,26.0,28.9,Overall,Overall
2020,2020,WV,West Virginia,"Nutrition, Physical Activity, and Weight Status",Obesity among adults,obesity_adults,Age-adjusted Prevalence,39.6,37.9,41.4,Overall,Overall
2020,2020,WV,West Virginia,Social Determinants of Health,Routine checkup within the past year among adults,routine_checkup_past_year_adults,Age-adjusted Prevalence,79.4,77.9,80.9,Overall,Overall
2021,2021,WV,West Virginia,Tobacco,Current cigarette smoking among adults,current_smoking_adults,Age-adjusted Prevalence,24.1,22.6,25.5,Overall,Overall
2021,2021,WV,West Virginia,Diabetes,Diabetes among adults,diabetes_adults,Age-adjusted Prevalence,13.3,12.4,14.2,Overall,Overall
2021,2021,WV,West Virginia,Cardiovascular Disease,High blood pressure among adults,high_blood_pressure_adults,Age-adjusted Prevalence,58.0,56.4,59.7,Overall,Overall
2021,2021,WV,West Virginia,Cardiovascular Disease,High cholesterol among adults who have been screened,high_cholesterol_screened_adults,Age-adjusted Prevalence,33.8,32.3,35.4,Overall,Overall
2021,2021,WV,West Virginia,Social Determinants of Health,Lack of health insurance among adults aged 18-64 years,lack_health_insurance_adults_18_64,Age-adjusted Prevalence,8.5,7.4,9.7,Overall,Overall
2021,2021,WV,West Virginia,"Nutrition, Physical Activity, and Weight Status",No leisure-time physical activity among adults,no_leisure_physical_activity_adults,Age-adjusted Prevalence,28.2,26.8,29.6,Overall,Overall
2021,2021,WV,West Virginia,"Nutrition, Physical Activity, and Weight Status",Obesity among adults,obesity_adults,Age-adjusted Prevalence,41.0,39.4,42.7,Overall,Overall
2021,2021,WV,West Virginia,Social Determinants of Health,Routine checkup within the past year among adults,routine_checkup_past_year_adults,Age-adjusted Prevalence,75.9,74.4,77.4,Overall,Overall
2022,2022,WV,West Virginia,Tobacco,Current cigarette smoking among adults,current_smoking_adults,Age-adjusted Prevalence,22.3,20.6,24.0,Overall,Overall
2022,2022,WV,West Virginia,Diabetes,Diabetes among adults,diabetes_adults,Age-adjusted Prevalence,14.6,13.6,15.7,Overall,Overall
2022,2022,WV,West Virginia,Social Determinants of Health,Lack of health insurance among adults aged 18-64 years,lack_health_insurance_adults_18_64,Age-adjusted Prevalence,7.3,6.1,8.8,Overall,Overall
2022,2022,WV,West Virginia,"Nutrition, Physical Activity, and Weight Status",No leisure-time physical activity among adults,no_leisure_physical_activity_adults,Age-adjusted Prevalence,27.9,26.3,29.5,Overall,Overall
2022,2022,WV,West Virginia,"Nutrition, Physical Activity, and Weight Status",Obesity among adults,obesity_adults,Age-adjusted Prevalence,41.5,39.6,43.5,Overall,Overall
2022,2022,WV,West Virginia,Social Determinants of Health,Routine checkup within the past year among adults,routine_checkup_past_year_adults,Age-adjusted Prevalence,77.2,75.4,79.0,Overall,Overall
2019,2019,WY,Wyoming,Tobacco,Current cigarette smoking among adults,current_smoking_adults,Age-adjusted Prevalence,18.9,17.1,20.8,Overall,Overall
2019,2019,WY,Wyoming,Diabetes,Diabetes among adults,diabetes_adults,Age-adjusted Prevalence,6.8,6.0,7.8,Overall,Overall
2019,2019,WY,Wyoming,Cardiovascular Disease,High blood pressure among adults,high_blood_pressure_adults,Age-adjusted Prevalence,45.5,43.3,47.8,Overall,Overall
2019,2019,WY,Wyoming,Cardiovascular Disease,High cholesterol among adults who have been screened,high_cholesterol_screened_adults,Age-adjusted Prevalence,24.1,22.3,26.0,Overall,Overall
2019,2019,WY,Wyoming,Social Determinants of Health,Lack of health insurance among adults aged 18-64 years,lack_health_insurance_adults_18_64,Age-adjusted Prevalence,19.9,17.8,22.1,Overall,Overall
2019,2019,WY,Wyoming,"Nutrition, Physical Activity, and Weight Status",No leisure-time physical activity among adults,no_leisure_physical_activity_adults,Age-adjusted Prevalence,24.0,22.1,25.9,Overall,Overall
2019,2019,WY,Wyoming,"Nutrition, Physical Activity, and Weight Status",Obesity among adults,obesity_adults,Age-adjusted Prevalence,29.6,27.6,31.8,Overall,Overall
2019,2019,WY,Wyoming,Social Determinants of Health,Routine checkup within the past year among adults,routine_checkup_past_year_adults,Age-adjusted Prevalence,66.7,64.5,68.8,Overall,Overall
2020,2020,WY,Wyoming,Tobacco,Current cigarette smoking among adults,current_smoking_adults,Age-adjusted Prevalence,19.4,17.6,21.3,Overall,Overall
2020,2020,WY,Wyoming,Diabetes,Diabetes among adults,diabetes_adults,Age-adjusted Prevalence,7.6,6.7,8.6,Overall,Overall
2020,2020,WY,Wyoming,Social Determinants of Health,Lack of health insurance among adults aged 18-64 years,lack_health_insurance_adults_18_64,Age-adjusted Prevalence,18.4,16.4,20.6,Overall,Overall
2020,2020,WY,Wyoming,"Nutrition, Physical Activity, and Weight Status",No leisure-time physical activity among adults,no_leisure_physical_activity_adults,Age-adjusted Prevalence,21.6,20.0,23.4,Overall,Overall
2020,2020,WY,Wyoming,"Nutrition, Physical Activity, and Weight Status",Obesity among adults,obesity_adults,Age-adjusted Prevalence,30.6,28.6,32.7,Overall,Overall
2020,2020,WY,Wyoming,Social Determinants of Health,Routine checkup within the past year among adults,routine_checkup_past_year_adults,Age-adjusted Prevalence,67.0,64.8,69.1,Overall,Overall
2021,2021,WY,Wyoming,Tobacco,Current cigarette smoking among adults,current_smoking_adults,Age-adjusted Prevalence,17.1,15.3,19.0,Overall,Overall
2021,2021,WY,Wyoming,Diabetes,Diabetes among adults,diabetes_adults,Age-adjusted Prevalence,7.7,6.8,8.6,Overall,Overall
2021,2021,WY,Wyoming,Cardiovascular Disease,High blood pressure among adults,high_blood_pressure_adults,Age-adjusted Prevalence,42.2,40.0,44.5,Overall,Overall
2021,2021,WY,Wyoming,Cardiovascular Disease,High cholesterol among adults who have been screened,high_cholesterol_screened_adults,Age-adjusted Prevalence,27.2,24.8,29.7,Overall,Overall
2021,2021,WY,Wyoming,Social Determinants of Health,Lack of health insurance among adults aged 18-64 years,lack_health_insurance_adults_18_64,Age-adjusted Prevalence,17.0,14.8,19.3,Overall,Overall
2021,2021,WY,Wyoming,"Nutrition, Physical Activity, and Weight Status",No leisure-time physical activity among adults,no_leisure_physical_activity_adults,Age-adjusted Prevalence,22.2,20.3,24.2,Overall,Overall
2021,2021,WY,Wyoming,"Nutrition, Physical Activity, and Weight Status",Obesity among adults,obesity_adults,Age-adjusted Prevalence,32.2,30.0,34.5,Overall,Overall
2021,2021,WY,Wyoming,Social Determinants of Health,Routine checkup within the past year among adults,routine_checkup_past_year_adults,Age-adjusted Prevalence,66.2,63.9,68.4,Overall,Overall
2022,2022,WY,Wyoming,Tobacco,Current cigarette smoking among adults,current_smoking_adults,Age-adjusted Prevalence,15.9,14.4,17.6,Overall,Overall
2022,2022,WY,Wyoming,Diabetes,Diabetes among adults,diabetes_adults,Age-adjusted Prevalence,8.1,7.3,9.0,Overall,Overall
2022,2022,WY,Wyoming,Social Determinants of Health,Lack of health insurance among adults aged 18-64 years,lack_health_insurance_adults_18_64,Age-adjusted Prevalence,14.1,12.3,16.0,Overall,Overall
2022,2022,WY,Wyoming,"Nutrition, Physical Activity, and Weight Status",No leisure-time physical activity among adults,no_leisure_physical_activity_adults,Age-adjusted Prevalence,21.7,20.1,23.4,Overall,Overall
2022,2022,WY,Wyoming,"Nutrition, Physical Activity, and Weight Status",Obesity among adults,obesity_adults,Age-adjusted Prevalence,34.6,32.5,36.7,Overall,Overall
2022,2022,WY,Wyoming,Social Determinants of Health,Routine checkup within the past year among adults,routine_checkup_past_year_adults,Age-adjusted Prevalence,67.3,65.3,69.3,Overall,Overall
